IID,sample_type,KNN_prediction,RandomForest_prediction,consensus_prediction,KNN_confidence,RandomForest_confidence
002_S_0413,ADNI,EUR,AFR,Uncertain,0.5921958330376216,0.26
002_S_0729,ADNI,AFR,AFR,Uncertain,0.6059975616366482,0.28
002_S_1155,ADNI,AMR,EUR,Uncertain,0.6083396408835937,0.32
002_S_1261,ADNI,AFR,AFR,Uncertain,0.6080902911031187,0.33
002_S_1268,ADNI,EUR,AMR,Uncertain,0.5900683873555177,0.32
002_S_1280,ADNI,AMR,AMR,AMR,1.0,0.82
002_S_2043,ADNI,AFR,AFR,Uncertain,0.6058312364432263,0.35
002_S_2073,ADNI,AFR,AFR,AFR,0.8044890758940769,0.28
002_S_4171,ADNI,EUR,AFR,EUR,1.0,0.26
002_S_4213,ADNI,AFR,EUR,AFR,0.804468070665433,0.31
002_S_4219,ADNI,EUR,AFR,Uncertain,0.5855823190812627,0.28
002_S_4225,ADNI,EUR,AFR,Uncertain,0.5955691775205995,0.24
002_S_4229,ADNI,EUR,AFR,Uncertain,0.5921902640450918,0.31
002_S_4251,ADNI,EUR,AFR,Uncertain,0.5964415688777732,0.33
002_S_4270,ADNI,AFR,EUR,AFR,0.8054780088047037,0.28
002_S_4447,ADNI,EUR,EUR,EUR,1.0,0.28
002_S_4473,ADNI,AFR,EUR,AFR,0.8054622411210911,0.29
002_S_4521,ADNI,EUR,AFR,Uncertain,0.5909212731553242,0.33
003_S_0907,ADNI,EUR,EUR,Uncertain,0.5848513571337236,0.31
003_S_0908,ADNI,AFR,AFR,Uncertain,0.6055398600843124,0.31
003_S_1057,ADNI,EUR,AFR,Uncertain,0.5759786025547351,0.5
003_S_1074,ADNI,AFR,AFR,Uncertain,0.6043588653000705,0.33
003_S_1122,ADNI,AMR,AMR,AMR,1.0,0.84
003_S_2374,ADNI,EUR,AFR,Uncertain,0.5889829104854261,0.3
003_S_4081,ADNI,EUR,AFR,Uncertain,0.5894927974332219,0.28
003_S_4136,ADNI,AFR,AFR,Uncertain,0.6067133223535771,0.31
003_S_4152,ADNI,AFR,AFR,AFR,0.8038757619969367,0.32
003_S_4288,ADNI,EUR,EUR,EUR,1.0,0.29
003_S_4350,ADNI,AFR,AMR,AFR,0.8048320076097798,0.27
003_S_4354,ADNI,EUR,AMR,EUR,1.0,0.26
003_S_4373,ADNI,AFR,AFR,Uncertain,0.6131822625476833,0.42
003_S_4441,ADNI,AFR,AFR,Uncertain,0.6257875964985418,0.33
003_S_4555,ADNI,AMR,AMR,AMR,1.0,0.7
005_S_0546,ADNI,AFR,AFR,Uncertain,0.6100609640400342,0.29
005_S_0553,ADNI,EUR,AFR,Uncertain,0.5866665641069849,0.28
005_S_0572,ADNI,AFR,EUR,Uncertain,0.607959735290667,0.3
005_S_0602,ADNI,AFR,AFR,AFR,0.8043601716584442,0.29
005_S_0610,ADNI,EUR,AFR,Uncertain,0.583855472139657,0.3
005_S_2390,ADNI,AFR,AMR,Uncertain,0.4119169773878566,0.32
005_S_4168,ADNI,EUR,EUR,Uncertain,0.5888392839020095,0.27
005_S_4185,ADNI,AFR,EUR,Uncertain,0.6076520050897405,0.28
005_S_4707,ADNI,EUR,EUR,Uncertain,0.5880030456090012,0.34
006_S_0498,ADNI,EUR,AFR,Uncertain,0.5936865445918224,0.3
006_S_0731,ADNI,AMR,EUR,AMR,0.8006228761080466,0.28
006_S_1130,ADNI,EUR,EUR,EUR,1.0,0.3
006_S_4150,ADNI,AFR,AFR,Uncertain,0.6085848892592947,0.29
006_S_4153,ADNI,EUR,AFR,Uncertain,0.593088662090313,0.32
006_S_4346,ADNI,EUR,AFR,Uncertain,0.5846874374619762,0.31
006_S_4357,ADNI,AFR,AMR,AFR,0.8041507337519148,0.28
006_S_4363,ADNI,EUR,EUR,Uncertain,0.5923748214401413,0.28
006_S_4449,ADNI,AMR,AFR,Uncertain,0.5941515296397089,0.29
006_S_4515,ADNI,AFR,AFR,Uncertain,0.6078799306045874,0.34
006_S_4546,ADNI,EUR,AFR,Uncertain,0.5857268391569163,0.29
007_S_0068,ADNI,AFR,AFR,Uncertain,0.6054677968049869,0.36
007_S_0101,ADNI,EUR,AFR,Uncertain,0.5901267334820969,0.24
007_S_0128,ADNI,AFR,EUR,Uncertain,0.6031747417727155,0.33
007_S_1206,ADNI,EUR,AFR,Uncertain,0.5929678669933341,0.32
007_S_1222,ADNI,EUR,AFR,Uncertain,0.5821705972162985,0.46
007_S_2058,ADNI,EUR,AFR,Uncertain,0.5891548133304763,0.42
007_S_2394,ADNI,EUR,EUR,Uncertain,0.5854588549794171,0.29
007_S_4272,ADNI,AFR,EUR,AFR,0.8048943798143179,0.31
007_S_4387,ADNI,AFR,AFR,Uncertain,0.6099915389000387,0.32
007_S_4467,ADNI,AFR,AFR,Uncertain,0.41061424339357155,0.26
007_S_4488,ADNI,AFR,AFR,AFR,0.8030001985342625,0.28
007_S_4516,ADNI,AFR,AFR,Uncertain,0.6045320893166474,0.3
007_S_4611,ADNI,EUR,AFR,Uncertain,0.597477141217593,0.43
007_S_4620,ADNI,EUR,AFR,Uncertain,0.5911256010771173,0.32
009_S_0842,ADNI,AFR,AFR,Uncertain,0.6041398076730956,0.42
009_S_1030,ADNI,AFR,EUR,Uncertain,0.606884760674977,0.33
009_S_2208,ADNI,AFR,EUR,AFR,0.8062162946725644,0.3
009_S_2381,ADNI,EUR,AFR,Uncertain,0.5911818228606311,0.29
009_S_4324,ADNI,AFR,EUR,Uncertain,0.6106521453859504,0.29
009_S_4337,ADNI,EUR,AFR,EUR,1.0,0.25
009_S_4359,ADNI,EUR,AFR,Uncertain,0.5890875708932849,0.24
009_S_4388,ADNI,AFR,AMR,Uncertain,0.6106531494476319,0.28
009_S_4530,ADNI,AFR,AFR,Uncertain,0.6075759854776714,0.37
009_S_4564,ADNI,EUR,AFR,Uncertain,0.5925636047192921,0.3
009_S_4612,ADNI,EUR,EUR,Uncertain,0.5891642946077377,0.32
011_S_0008,ADNI,AFR,AFR,AFR,0.8060455626386992,0.26
011_S_0021,ADNI,AMR,AFR,Uncertain,0.4101835879759679,0.45
011_S_0023,ADNI,AMR,AFR,Uncertain,0.40963525351930735,0.47
011_S_1080,ADNI,AFR,AFR,AFR,0.8033024931372491,0.27
011_S_1282,ADNI,AFR,AFR,AFR,0.8060375574890566,0.27
011_S_2274,ADNI,AFR,EUR,AFR,0.8051575937046778,0.26
011_S_4075,ADNI,EUR,EUR,EUR,1.0,0.28
011_S_4120,ADNI,EUR,AFR,Uncertain,0.5907275620948998,0.29
011_S_4222,ADNI,EUR,AFR,Uncertain,0.5898927437549161,0.27
011_S_4235,ADNI,EUR,AMR,Uncertain,0.5913709998383077,0.27
011_S_4366,ADNI,EUR,EUR,Uncertain,0.5928981135349568,0.26
011_S_4547,ADNI,EUR,AFR,Uncertain,0.5980462031569242,0.31
012_S_0637,ADNI,EUR,AFR,Uncertain,0.5903555815357091,0.32
012_S_4012,ADNI,AFR,EUR,Uncertain,0.6048514297646185,0.29
012_S_4026,ADNI,AFR,EUR,Uncertain,0.6052088277881221,0.29
012_S_4094,ADNI,EUR,AMR,Uncertain,0.5914584373414052,0.24
012_S_4128,ADNI,AFR,AFR,Uncertain,0.6028667802642961,0.27
012_S_4545,ADNI,AFR,AFR,Uncertain,0.606398026327276,0.32
012_S_4643,ADNI,AFR,EUR,AFR,0.8061186600419845,0.32
013_S_1186,ADNI,EUR,EUR,EUR,1.0,0.27
013_S_2324,ADNI,AMR,AMR,AMR,1.0,0.7
013_S_2389,ADNI,AMR,AMR,AMR,1.0,0.78
013_S_4268,ADNI,EUR,AFR,EUR,1.0,0.27
013_S_4395,ADNI,AMR,AFR,Uncertain,0.41388944920003984,0.44
013_S_4595,ADNI,AFR,EUR,AFR,0.8051318102624078,0.32
014_S_0169,ADNI,AFR,AFR,Uncertain,0.4101818692407881,0.35
014_S_0519,ADNI,AFR,AFR,Uncertain,0.6057845041259903,0.28
014_S_0548,ADNI,AFR,EUR,Uncertain,0.6039556970046269,0.23
014_S_0557,ADNI,AFR,AFR,Uncertain,0.6058327304513516,0.32
014_S_0563,ADNI,EUR,AMR,EUR,1.0,0.28
014_S_0658,ADNI,AFR,EUR,Uncertain,0.6062881865634966,0.3
014_S_2185,ADNI,AFR,AFR,Uncertain,0.6098558401603065,0.32
014_S_2308,ADNI,AFR,AFR,Uncertain,0.6082780238882985,0.3
014_S_4039,ADNI,EUR,EUR,Uncertain,0.5923361531594273,0.29
014_S_4058,ADNI,EUR,AFR,EUR,0.799095162223124,0.3
014_S_4079,ADNI,AMR,AFR,Uncertain,0.5970277073430336,0.3
014_S_4093,ADNI,AFR,AFR,Uncertain,0.4134858538563364,0.31
014_S_4263,ADNI,EUR,AFR,Uncertain,0.5922019670064972,0.28
014_S_4401,ADNI,AFR,EUR,AFR,0.8050493920550187,0.33
014_S_4576,ADNI,AMR,AFR,Uncertain,0.41089019235432495,0.46
014_S_4577,ADNI,AMR,AFR,Uncertain,0.40720264866965816,0.46
014_S_4668,ADNI,EUR,AFR,Uncertain,0.5906045336146131,0.31
016_S_0359,ADNI,EUR,EUR,EUR,1.0,0.3
016_S_2284,ADNI,AMR,AMR,AMR,1.0,0.86
016_S_4009,ADNI,AMR,AMR,AMR,1.0,0.6
016_S_4097,ADNI,AMR,AMR,AMR,1.0,0.9
016_S_4353,ADNI,EUR,EUR,EUR,1.0,0.29
016_S_4591,ADNI,EUR,AFR,Uncertain,0.5968952698871378,0.3
018_S_0055,ADNI,AFR,AFR,Uncertain,0.611130144187895,0.28
018_S_0142,ADNI,AFR,AFR,Uncertain,0.6057457518942433,0.31
018_S_2133,ADNI,AFR,AFR,Uncertain,0.604215468395439,0.31
018_S_2138,ADNI,AMR,EAS,Uncertain,0.5965664354385182,0.24
018_S_2155,ADNI,EUR,AFR,Uncertain,0.5858940567627335,0.28
018_S_2180,ADNI,EUR,AFR,Uncertain,0.5839447385208417,0.3
018_S_4257,ADNI,EUR,EUR,Uncertain,0.5870221387620794,0.3
018_S_4313,ADNI,AFR,AFR,AFR,0.8059922600459213,0.28
018_S_4349,ADNI,EUR,EUR,EUR,1.0,0.32
018_S_4399,ADNI,EUR,AFR,Uncertain,0.5881165942267805,0.32
018_S_4400,ADNI,EUR,AFR,Uncertain,0.5955598320648455,0.25
018_S_4597,ADNI,AFR,AFR,AFR,0.8048664816705434,0.33
018_S_4696,ADNI,AFR,EUR,Uncertain,0.6087716504585126,0.32
019_S_4252,ADNI,EUR,EUR,Uncertain,0.5899149216721389,0.31
019_S_4285,ADNI,AFR,AFR,Uncertain,0.6068297436085266,0.32
019_S_4293,ADNI,EUR,EUR,Uncertain,0.5892623099399057,0.3
019_S_4367,ADNI,AFR,EUR,AFR,0.8051694225833531,0.3
019_S_4477,ADNI,AMR,AFR,Uncertain,0.5937634617514861,0.26
020_S_1288,ADNI,EUR,EUR,EUR,1.0,0.32
021_S_0159,ADNI,AFR,AFR,AFR,1.0,0.28
021_S_0276,ADNI,EUR,EUR,EUR,1.0,0.28
021_S_0337,ADNI,EUR,AFR,Uncertain,0.5943355237967933,0.3
021_S_0984,ADNI,AFR,AMR,AFR,0.8043531799444892,0.28
021_S_2100,ADNI,EUR,AFR,Uncertain,0.5927472179965365,0.39
021_S_2124,ADNI,AFR,AFR,AFR,0.8041582888760913,0.31
021_S_2125,ADNI,AFR,EUR,Uncertain,0.6073528398504847,0.31
021_S_2142,ADNI,EUR,EUR,Uncertain,0.5922193690170687,0.29
021_S_2150,ADNI,EUR,EUR,Uncertain,0.5929007899135805,0.28
021_S_4245,ADNI,SAS,SAS,SAS,1.0,0.95
021_S_4254,ADNI,AFR,EUR,Uncertain,0.6059922584113425,0.28
021_S_4276,ADNI,AFR,AFR,Uncertain,0.6072880115754661,0.29
021_S_4335,ADNI,EUR,AFR,Uncertain,0.5911961641970559,0.27
021_S_4402,ADNI,EUR,AFR,Uncertain,0.5910002506872668,0.33
021_S_4419,ADNI,AFR,AFR,Uncertain,0.39930517774553426,0.55
021_S_4421,ADNI,EUR,AFR,Uncertain,0.588006341149018,0.3
022_S_0130,ADNI,EUR,EUR,EUR,1.0,0.33
022_S_1097,ADNI,EUR,EUR,Uncertain,0.5919422726549465,0.27
022_S_1351,ADNI,AFR,AFR,Uncertain,0.6013820035242669,0.47
022_S_2087,ADNI,AFR,AFR,AFR,0.8029053438744003,0.34
022_S_2379,ADNI,AMR,AMR,AMR,1.0,0.52
022_S_4173,ADNI,AFR,EUR,AFR,0.8102169891521168,0.32
022_S_4196,ADNI,AFR,AFR,Uncertain,0.6051700742144862,0.31
022_S_4266,ADNI,EUR,EUR,EUR,1.0,0.32
022_S_4291,ADNI,EUR,AFR,Uncertain,0.591112973030698,0.44
022_S_4320,ADNI,AFR,AFR,Uncertain,0.6080009628419171,0.29
022_S_4444,ADNI,AFR,AFR,AFR,0.8043214728327535,0.3
023_S_0031,ADNI,EUR,AFR,Uncertain,0.5857646534755083,0.26
023_S_0042,ADNI,EUR,AFR,Uncertain,0.5904888045611315,0.47
023_S_0058,ADNI,AFR,AFR,AFR,0.806447628317269,0.33
023_S_0126,ADNI,AFR,AFR,Uncertain,0.6088420849430894,0.27
023_S_0217,ADNI,EUR,EUR,Uncertain,0.5931259315257937,0.3
023_S_0331,ADNI,EUR,EUR,Uncertain,0.588700673011508,0.34
023_S_0625,ADNI,AFR,AFR,Uncertain,0.6110525833255617,0.27
023_S_0887,ADNI,EUR,AFR,Uncertain,0.5847519935391073,0.3
023_S_1046,ADNI,AFR,EUR,Uncertain,0.6104840296068166,0.31
023_S_1190,ADNI,EUR,AFR,Uncertain,0.5931150367242093,0.26
023_S_2068,ADNI,AFR,AFR,Uncertain,0.6059659322184625,0.29
023_S_4020,ADNI,AMR,AFR,AMR,0.7952640940792042,0.3
023_S_4035,ADNI,AFR,AFR,AFR,0.807815205895233,0.29
023_S_4115,ADNI,AFR,EUR,AFR,0.8059113152915234,0.29
023_S_4122,ADNI,EUR,AFR,Uncertain,0.5908771100511134,0.26
023_S_4164,ADNI,AFR,AFR,Uncertain,0.6063992143391127,0.32
023_S_4243,ADNI,EUR,AFR,Uncertain,0.5918345654514026,0.3
023_S_4448,ADNI,AFR,AFR,Uncertain,0.6092868812396819,0.29
023_S_4501,ADNI,AFR,AFR,Uncertain,0.604785634459787,0.26
024_S_0985,ADNI,AFR,AFR,Uncertain,0.6067207816675362,0.31
024_S_1063,ADNI,AFR,AFR,Uncertain,0.5854740831874874,0.34
024_S_2239,ADNI,EUR,EUR,Uncertain,0.5876010899860156,0.28
024_S_4169,ADNI,AMR,AFR,Uncertain,0.4086669508503232,0.5
024_S_4223,ADNI,EUR,AFR,Uncertain,0.5874911872933398,0.32
024_S_4280,ADNI,EUR,AFR,Uncertain,0.5932816879820207,0.3
024_S_4392,ADNI,EUR,AMR,EUR,1.0,0.31
027_S_0074,ADNI,EUR,EUR,Uncertain,0.5872404847465216,0.26
027_S_0118,ADNI,EUR,EUR,Uncertain,0.587676728535974,0.29
027_S_0120,ADNI,EUR,EUR,Uncertain,0.5962547338348365,0.31
027_S_0256,ADNI,AFR,AFR,AFR,0.8036101021315494,0.32
027_S_0644,ADNI,AFR,AFR,Uncertain,0.6053154322350637,0.34
027_S_0835,ADNI,EUR,AFR,Uncertain,0.5925479256700078,0.32
027_S_1045,ADNI,EUR,EUR,Uncertain,0.5855430203443329,0.33
027_S_1387,ADNI,EUR,AMR,EUR,1.0,0.3
027_S_2219,ADNI,AFR,EUR,AFR,0.8054773745451623,0.3
027_S_2245,ADNI,EUR,AFR,Uncertain,0.5878711684221566,0.38
027_S_2336,ADNI,AFR,AFR,Uncertain,0.6052228204990767,0.33
029_S_0824,ADNI,EUR,AFR,Uncertain,0.5869478674581988,0.38
029_S_0843,ADNI,EUR,EUR,Uncertain,0.5988382818127708,0.3
029_S_0845,ADNI,EUR,AFR,Uncertain,0.5906684455443296,0.3
029_S_0878,ADNI,EAS,EAS,EAS,1.0,0.92
029_S_0914,ADNI,AFR,EUR,Uncertain,0.6066271867175647,0.28
029_S_1218,ADNI,AFR,EUR,Uncertain,0.41229837393990965,0.36
029_S_1318,ADNI,EUR,EUR,Uncertain,0.5916786746001395,0.31
029_S_2376,ADNI,AFR,AFR,Uncertain,0.6085922445243939,0.32
029_S_2395,ADNI,AFR,AMR,AFR,0.8042467490348999,0.25
029_S_4279,ADNI,EAS,EAS,EAS,1.0,0.88
029_S_4290,ADNI,EUR,AFR,EUR,1.0,0.26
029_S_4307,ADNI,AFR,AFR,Uncertain,0.6100724006087035,0.26
029_S_4327,ADNI,EUR,AFR,Uncertain,0.5928785892433036,0.29
029_S_4384,ADNI,EUR,AFR,Uncertain,0.593690742790372,0.33
029_S_4385,ADNI,AFR,EUR,Uncertain,0.6081860767543747,0.32
031_S_0294,ADNI,EUR,AFR,Uncertain,0.5881355036763745,0.3
031_S_0830,ADNI,AFR,EUR,Uncertain,0.6089791631297046,0.27
031_S_0867,ADNI,EUR,EUR,Uncertain,0.5912641075128151,0.37
031_S_1066,ADNI,AFR,AFR,Uncertain,0.6081215637319518,0.22
031_S_2018,ADNI,AFR,AFR,Uncertain,0.6073941109244008,0.35
031_S_2233,ADNI,EUR,EUR,Uncertain,0.5999758414975292,0.29
031_S_4005,ADNI,EUR,AMR,Uncertain,0.5896646099376833,0.28
031_S_4021,ADNI,AMR,AFR,Uncertain,0.40785499165850275,0.45
031_S_4024,ADNI,AFR,EUR,Uncertain,0.6071732626449503,0.29
031_S_4029,ADNI,AFR,AFR,Uncertain,0.6101290578884896,0.27
031_S_4032,ADNI,EUR,EUR,EUR,1.0,0.31
031_S_4203,ADNI,EUR,EUR,EUR,1.0,0.31
031_S_4474,ADNI,EUR,AFR,Uncertain,0.5918720330271753,0.3
031_S_4476,ADNI,EAS,EAS,EAS,1.0,0.89
031_S_4496,ADNI,AFR,AFR,Uncertain,0.6081201278155809,0.27
031_S_4590,ADNI,EUR,AFR,Uncertain,0.5878775874451606,0.31
032_S_0479,ADNI,EUR,AFR,Uncertain,0.5845337193757184,0.29
032_S_0677,ADNI,EUR,AFR,Uncertain,0.5921516339600859,0.3
032_S_0978,ADNI,AFR,AFR,AFR,0.8048416590262961,0.34
032_S_1169,ADNI,EUR,AFR,Uncertain,0.5901814047783386,0.37
032_S_2119,ADNI,AFR,AFR,Uncertain,0.6032674655131076,0.28
032_S_2240,ADNI,AFR,AFR,Uncertain,0.6080831508929299,0.3
032_S_2247,ADNI,EUR,EUR,Uncertain,0.5882926735988248,0.31
032_S_4277,ADNI,AFR,AFR,Uncertain,0.3989168047951079,0.55
032_S_4348,ADNI,AFR,AFR,Uncertain,0.608111525913308,0.28
032_S_4386,ADNI,AFR,EUR,Uncertain,0.6061999806961751,0.29
032_S_4429,ADNI,EUR,AFR,Uncertain,0.589992889869477,0.27
033_S_0514,ADNI,EUR,EUR,Uncertain,0.5941524945830272,0.3
033_S_0906,ADNI,EUR,AFR,Uncertain,0.5931420636556859,0.27
033_S_0920,ADNI,AFR,AFR,Uncertain,0.6083001032856458,0.29
033_S_0922,ADNI,EUR,EUR,Uncertain,0.5897503365729685,0.3
033_S_0923,ADNI,EUR,AFR,Uncertain,0.5930694301784319,0.31
033_S_1098,ADNI,AFR,AMR,AFR,0.8065460109331251,0.29
033_S_1116,ADNI,AFR,AFR,Uncertain,0.6058367738638853,0.43
033_S_4176,ADNI,AFR,EUR,Uncertain,0.6056458224875956,0.34
033_S_4177,ADNI,AMR,AMR,Uncertain,0.5925630804293758,0.3
033_S_4179,ADNI,EUR,EUR,Uncertain,0.5905087970781141,0.32
033_S_4505,ADNI,EUR,AFR,Uncertain,0.5893027274469398,0.29
033_S_4508,ADNI,EUR,AFR,EUR,1.0,0.26
035_S_0156,ADNI,AFR,EUR,Uncertain,0.6103284169810106,0.31
035_S_0555,ADNI,AFR,AFR,AFR,0.805039798236753,0.29
035_S_0997,ADNI,EUR,AFR,EUR,1.0,0.25
035_S_2061,ADNI,EUR,EUR,EUR,1.0,0.32
035_S_2074,ADNI,EUR,EUR,EUR,1.0,0.27
035_S_2199,ADNI,EUR,EUR,Uncertain,0.6006651495810299,0.24
035_S_4082,ADNI,AFR,AFR,Uncertain,0.6091436294291058,0.35
035_S_4114,ADNI,EUR,AFR,Uncertain,0.5898391285058626,0.24
035_S_4256,ADNI,EUR,EUR,Uncertain,0.5931238001234937,0.28
035_S_4414,ADNI,AFR,EUR,Uncertain,0.6073416279419074,0.35
035_S_4464,ADNI,AFR,AFR,AFR,0.8046776833567781,0.26
035_S_4582,ADNI,EUR,AFR,Uncertain,0.5899096711431902,0.26
036_S_0672,ADNI,EUR,AMR,Uncertain,0.5922554497096478,0.27
036_S_0673,ADNI,AFR,EUR,Uncertain,0.6080346542236885,0.28
036_S_0945,ADNI,EUR,AFR,Uncertain,0.5922886469048873,0.48
036_S_1023,ADNI,AFR,AFR,Uncertain,0.60884842246874,0.27
036_S_2378,ADNI,AFR,EUR,Uncertain,0.6087858106185954,0.29
036_S_2380,ADNI,EUR,EUR,Uncertain,0.5881847413768084,0.28
036_S_4430,ADNI,AFR,EUR,Uncertain,0.6068607048145782,0.29
036_S_4562,ADNI,EUR,AFR,Uncertain,0.5886326806894713,0.32
037_S_0150,ADNI,EUR,AFR,Uncertain,0.588150067250215,0.25
037_S_0303,ADNI,AFR,EUR,Uncertain,0.6084797466223146,0.32
037_S_0467,ADNI,AFR,AFR,Uncertain,0.6061317736131203,0.35
037_S_0501,ADNI,EUR,AFR,Uncertain,0.5865234344210505,0.27
037_S_0539,ADNI,EAS,EAS,EAS,1.0,0.92
037_S_0566,ADNI,EUR,AFR,Uncertain,0.5895282980278019,0.36
037_S_1078,ADNI,EUR,EUR,Uncertain,0.5945305152354223,0.27
037_S_4001,ADNI,AFR,EUR,Uncertain,0.6090207783961412,0.26
037_S_4015,ADNI,EUR,AFR,Uncertain,0.5903568824710526,0.27
037_S_4028,ADNI,EUR,AFR,Uncertain,0.590454119602779,0.28
037_S_4030,ADNI,EUR,AFR,Uncertain,0.5903551605384356,0.28
037_S_4146,ADNI,AFR,AFR,AFR,0.8045580471275451,0.37
037_S_4214,ADNI,AFR,AFR,Uncertain,0.6067817407795819,0.31
037_S_4302,ADNI,EUR,AFR,Uncertain,0.5917059419922408,0.3
037_S_4308,ADNI,AFR,AFR,Uncertain,0.6102341624503439,0.43
037_S_4381,ADNI,AFR,AFR,Uncertain,0.6076054897181609,0.27
037_S_4410,ADNI,AFR,AFR,AFR,0.8071036083601129,0.32
041_S_0679,ADNI,AFR,EUR,AFR,0.8048520302996174,0.25
041_S_1010,ADNI,EUR,AFR,EUR,1.0,0.3
041_S_1260,ADNI,AFR,EUR,Uncertain,0.6058672772177291,0.32
041_S_1418,ADNI,AMR,AMR,AMR,0.8004788919683198,0.29
041_S_1425,ADNI,EUR,AFR,Uncertain,0.5978570070138671,0.32
041_S_4004,ADNI,EUR,AFR,Uncertain,0.5952958276797593,0.26
041_S_4037,ADNI,AFR,AFR,Uncertain,0.6097149741546773,0.3
041_S_4041,ADNI,EUR,AFR,Uncertain,0.5863163142245285,0.31
041_S_4051,ADNI,EUR,EUR,EUR,1.0,0.26
041_S_4060,ADNI,AFR,AFR,AFR,0.8039358075503541,0.31
041_S_4138,ADNI,EUR,AFR,Uncertain,0.5912638444734423,0.37
041_S_4143,ADNI,EUR,EUR,Uncertain,0.5910920283537735,0.32
041_S_4200,ADNI,EUR,EUR,EUR,1.0,0.27
041_S_4271,ADNI,EUR,EUR,Uncertain,0.5908197154735684,0.31
041_S_4427,ADNI,AMR,AFR,Uncertain,0.6086783121213959,0.41
041_S_4510,ADNI,EUR,AMR,EUR,1.0,0.32
041_S_4513,ADNI,AMR,AMR,AMR,1.0,0.32
051_S_1040,ADNI,EUR,EUR,EUR,1.0,0.3
051_S_1072,ADNI,EUR,AFR,EUR,0.7986856539993374,0.3
051_S_1123,ADNI,EUR,EUR,EUR,1.0,0.29
051_S_1131,ADNI,EUR,AMR,EUR,1.0,0.28
051_S_1331,ADNI,EUR,EUR,EUR,1.0,0.27
052_S_0671,ADNI,AFR,AFR,AFR,0.8039187058649672,0.27
052_S_0951,ADNI,EUR,AFR,EUR,1.0,0.26
052_S_0952,ADNI,EUR,AFR,EUR,1.0,0.27
052_S_0989,ADNI,EUR,AFR,Uncertain,0.5942259161241272,0.31
052_S_1250,ADNI,AMR,AFR,Uncertain,0.4098833646485864,0.46
052_S_1352,ADNI,EUR,EUR,EUR,1.0,0.26
052_S_2249,ADNI,AFR,EUR,AFR,0.8032251531828007,0.28
053_S_0919,ADNI,EUR,AFR,Uncertain,0.5893128576098304,0.27
053_S_2357,ADNI,EUR,AFR,Uncertain,0.5845321522667288,0.24
053_S_4557,ADNI,EUR,AFR,Uncertain,0.5909451584150986,0.3
053_S_4578,ADNI,AFR,AFR,Uncertain,0.6073599235626881,0.37
057_S_0934,ADNI,AFR,AFR,Uncertain,0.6052663599530036,0.31
057_S_1007,ADNI,EUR,EUR,Uncertain,0.5917489843136162,0.25
057_S_1269,ADNI,AFR,AFR,Uncertain,0.6061841286785196,0.32
057_S_2398,ADNI,AFR,AFR,Uncertain,0.6086117882501415,0.32
067_S_0056,ADNI,EUR,AFR,Uncertain,0.5949713823652573,0.44
067_S_0059,ADNI,EUR,AFR,Uncertain,0.5956629194892135,0.44
067_S_0257,ADNI,AMR,EUR,Uncertain,0.6052147246518551,0.26
067_S_2195,ADNI,EUR,EUR,EUR,1.0,0.27
067_S_2196,ADNI,EUR,AFR,Uncertain,0.5881039028914183,0.29
067_S_2301,ADNI,AFR,AFR,Uncertain,0.609660335849778,0.3
067_S_2304,ADNI,EUR,AFR,Uncertain,0.5978527514717983,0.31
067_S_4054,ADNI,EUR,AMR,Uncertain,0.5911950412695081,0.26
067_S_4072,ADNI,AMR,AFR,AMR,0.8011350639663511,0.3
067_S_4184,ADNI,AFR,EUR,Uncertain,0.6088409227367231,0.32
067_S_4212,ADNI,EUR,EUR,Uncertain,0.5888280412520495,0.28
067_S_4310,ADNI,EUR,AFR,EUR,1.0,0.3
068_S_0473,ADNI,EUR,AFR,Uncertain,0.5875477693491785,0.28
068_S_0802,ADNI,AFR,EUR,AFR,0.8069225728060981,0.28
068_S_2168,ADNI,AFR,AMR,AFR,0.8004613581011997,0.33
068_S_2171,ADNI,EUR,AFR,Uncertain,0.5915288193048062,0.28
068_S_2184,ADNI,EUR,AFR,Uncertain,0.5908855458206862,0.24
068_S_2187,ADNI,AFR,AMR,Uncertain,0.6058153148470456,0.24
068_S_2194,ADNI,AFR,AFR,Uncertain,0.6058556096510312,0.27
068_S_2248,ADNI,EUR,AFR,Uncertain,0.597984587239314,0.32
068_S_2315,ADNI,AMR,EUR,AMR,0.8010464675342692,0.29
068_S_4067,ADNI,EUR,AFR,Uncertain,0.5936158893760065,0.32
068_S_4174,ADNI,AFR,AFR,Uncertain,0.6042021525972925,0.37
068_S_4217,ADNI,EUR,AFR,Uncertain,0.5900321087351931,0.27
068_S_4274,ADNI,EUR,AFR,Uncertain,0.5883812497167883,0.28
068_S_4332,ADNI,AFR,EUR,AFR,0.8070926870473942,0.28
068_S_4340,ADNI,EUR,AFR,Uncertain,0.5955460601335348,0.29
068_S_4424,ADNI,EUR,AFR,Uncertain,0.5904671055956147,0.34
068_S_4431,ADNI,AMR,AFR,AMR,0.7988530182276821,0.29
070_S_4692,ADNI,EUR,AFR,Uncertain,0.588244222207744,0.27
072_S_2026,ADNI,EUR,AFR,EUR,1.0,0.26
072_S_2027,ADNI,EUR,AFR,Uncertain,0.5862330499495879,0.3
072_S_2070,ADNI,AMR,AFR,Uncertain,0.4113372023198302,0.44
072_S_2072,ADNI,AFR,AFR,Uncertain,0.609390870101757,0.28
072_S_2083,ADNI,EUR,AFR,EUR,1.0,0.26
072_S_2093,ADNI,AFR,AFR,AFR,0.8046245807493445,0.31
072_S_2116,ADNI,AFR,AFR,Uncertain,0.6114327270877943,0.29
072_S_2164,ADNI,EUR,AMR,EUR,1.0,0.28
072_S_4007,ADNI,EUR,AFR,EUR,1.0,0.26
072_S_4102,ADNI,EUR,EUR,EUR,1.0,0.3
072_S_4103,ADNI,EUR,EUR,EUR,1.0,0.27
072_S_4131,ADNI,EUR,AMR,Uncertain,0.5916671872701205,0.25
072_S_4206,ADNI,AFR,AFR,AFR,0.8043214091917266,0.43
072_S_4226,ADNI,EUR,EUR,EUR,1.0,0.27
072_S_4383,ADNI,EUR,EUR,Uncertain,0.5874958108814795,0.38
072_S_4390,ADNI,EUR,AMR,EUR,1.0,0.3
072_S_4391,ADNI,AFR,AFR,AFR,0.8037660741160809,0.28
072_S_4394,ADNI,AFR,AFR,AFR,0.8031274935263693,0.31
072_S_4445,ADNI,EUR,AFR,Uncertain,0.5909651530670057,0.25
072_S_4462,ADNI,EUR,AFR,Uncertain,0.594424807572133,0.3
072_S_4465,ADNI,EUR,AFR,EUR,1.0,0.31
072_S_4522,ADNI,AFR,AFR,Uncertain,0.6069830521387366,0.29
072_S_4539,ADNI,AFR,AFR,Uncertain,0.6067941392667336,0.37
072_S_4613,ADNI,EUR,EUR,EUR,1.0,0.33
073_S_0089,ADNI,EUR,EUR,EUR,1.0,0.3
073_S_0311,ADNI,EUR,AFR,Uncertain,0.5891446633026227,0.28
073_S_0746,ADNI,EUR,EUR,EUR,1.0,0.28
073_S_2153,ADNI,EUR,EUR,EUR,1.0,0.28
073_S_2182,ADNI,EUR,EUR,Uncertain,0.5887606645903618,0.33
073_S_2190,ADNI,EUR,AFR,Uncertain,0.5876369153069649,0.26
073_S_2191,ADNI,EUR,AFR,Uncertain,0.5879906251712996,0.27
073_S_2225,ADNI,AMR,EUR,Uncertain,0.5993990778965759,0.32
073_S_2264,ADNI,AFR,AFR,Uncertain,0.606270797640209,0.29
073_S_4155,ADNI,AFR,EUR,Uncertain,0.6044452455385724,0.28
073_S_4216,ADNI,EUR,EUR,Uncertain,0.5881753246402508,0.32
073_S_4259,ADNI,AFR,AMR,Uncertain,0.6074189467913987,0.27
073_S_4300,ADNI,AFR,AFR,Uncertain,0.6063112785178965,0.27
073_S_4311,ADNI,EUR,EUR,Uncertain,0.5888349439968072,0.34
073_S_4312,ADNI,EUR,AFR,Uncertain,0.593329231183789,0.27
073_S_4360,ADNI,EUR,AFR,Uncertain,0.5942718380570402,0.32
073_S_4382,ADNI,AFR,EUR,Uncertain,0.606494624484185,0.29
073_S_4393,ADNI,EUR,EUR,Uncertain,0.5926517055555116,0.29
073_S_4403,ADNI,EAS,EAS,EAS,1.0,0.9
073_S_4443,ADNI,AFR,AFR,Uncertain,0.6075533309804174,0.3
073_S_4540,ADNI,AFR,EUR,AFR,0.8031695813470309,0.3
073_S_4552,ADNI,EUR,AFR,Uncertain,0.5928736158196991,0.32
073_S_4559,ADNI,AFR,AFR,Uncertain,0.605858886684342,0.28
082_S_1256,ADNI,EUR,EUR,EUR,1.0,0.31
082_S_2121,ADNI,AFR,EUR,Uncertain,0.6083382514461111,0.32
082_S_2307,ADNI,EUR,AFR,Uncertain,0.5869863414475002,0.26
082_S_4090,ADNI,AMR,AMR,Uncertain,0.6068817169798033,0.26
082_S_4208,ADNI,AFR,EUR,Uncertain,0.6089866508519899,0.36
082_S_4224,ADNI,EUR,AFR,EUR,1.0,0.25
082_S_4244,ADNI,EUR,AMR,EUR,1.0,0.31
082_S_4339,ADNI,EUR,EUR,Uncertain,0.5884392092573523,0.29
082_S_4428,ADNI,EUR,EUR,EUR,1.0,0.33
094_S_2201,ADNI,EUR,EUR,Uncertain,0.5875353687577228,0.32
094_S_2216,ADNI,AFR,EUR,Uncertain,0.6077661429895538,0.35
094_S_2238,ADNI,EUR,AFR,EUR,1.0,0.27
094_S_2367,ADNI,EUR,EUR,EUR,1.0,0.33
094_S_4089,ADNI,AFR,AFR,AFR,0.8032000148858652,0.3
094_S_4234,ADNI,AFR,AFR,AFR,0.8065043230594039,0.29
094_S_4282,ADNI,EUR,AFR,Uncertain,0.5851943282538447,0.28
094_S_4434,ADNI,EUR,AMR,EUR,1.0,0.26
094_S_4503,ADNI,EUR,EUR,EUR,1.0,0.28
098_S_0160,ADNI,AFR,AFR,Uncertain,0.6066766048864103,0.4
098_S_0172,ADNI,AFR,AMR,AFR,0.804421797427182,0.31
098_S_0269,ADNI,AFR,AFR,Uncertain,0.6089553322754984,0.33
098_S_0667,ADNI,EUR,AFR,EUR,1.0,0.27
098_S_2047,ADNI,EUR,EUR,Uncertain,0.5881726299293346,0.25
098_S_2052,ADNI,EUR,AMR,Uncertain,0.5923158077331221,0.29
098_S_2079,ADNI,EUR,EUR,Uncertain,0.589222844845465,0.28
098_S_4003,ADNI,EUR,EUR,Uncertain,0.5879809653601756,0.34
098_S_4050,ADNI,EUR,AFR,Uncertain,0.5883053366737114,0.29
098_S_4095,ADNI,AFR,AFR,Uncertain,0.6028909855683073,0.29
098_S_4201,ADNI,EUR,AFR,Uncertain,0.59783649339647,0.32
098_S_4215,ADNI,AFR,AFR,Uncertain,0.6068315327141314,0.36
098_S_4506,ADNI,AMR,AFR,Uncertain,0.5930193442140662,0.3
099_S_0051,ADNI,AFR,AMR,Uncertain,0.605488034903998,0.26
099_S_0291,ADNI,AFR,AFR,Uncertain,0.607044878766002,0.36
099_S_0352,ADNI,EUR,AMR,Uncertain,0.5864787653916188,0.28
099_S_2042,ADNI,AFR,AFR,Uncertain,0.6067567982322136,0.29
099_S_2063,ADNI,AMR,EUR,AMR,0.7988117585841771,0.27
099_S_2146,ADNI,EUR,AMR,Uncertain,0.589762219330343,0.3
099_S_2205,ADNI,EUR,EUR,Uncertain,0.5922657938576283,0.26
099_S_4022,ADNI,EUR,AFR,EUR,1.0,0.29
099_S_4086,ADNI,AFR,AFR,Uncertain,0.6110050265539182,0.29
099_S_4104,ADNI,EUR,EUR,Uncertain,0.5881341988987373,0.36
099_S_4202,ADNI,EUR,AFR,Uncertain,0.5900505398757744,0.26
099_S_4205,ADNI,AFR,AFR,Uncertain,0.607902865470242,0.36
099_S_4463,ADNI,AFR,AFR,Uncertain,0.4152398581749474,0.32
099_S_4475,ADNI,EUR,EUR,Uncertain,0.5894282853857293,0.38
099_S_4480,ADNI,AFR,AFR,Uncertain,0.6087768795966696,0.28
099_S_4498,ADNI,AFR,EUR,Uncertain,0.6086673873537347,0.31
099_S_4565,ADNI,EUR,EUR,Uncertain,0.5867265466033407,0.31
100_S_0035,ADNI,AFR,EUR,Uncertain,0.6065651820169587,0.28
100_S_0047,ADNI,EUR,AFR,Uncertain,0.5901106397931463,0.37
100_S_0069,ADNI,AFR,AFR,Uncertain,0.6054709616158376,0.3
100_S_4469,ADNI,AFR,EUR,Uncertain,0.606810475415118,0.3
109_S_2200,ADNI,AFR,AFR,Uncertain,0.40440969692037526,0.5
109_S_2237,ADNI,AFR,AFR,Uncertain,0.39590666194523116,0.46
109_S_2278,ADNI,AMR,AFR,Uncertain,0.4158596800278783,0.43
109_S_4260,ADNI,AMR,AFR,Uncertain,0.4057879142184163,0.47
109_S_4455,ADNI,EUR,AFR,EUR,1.0,0.26
109_S_4499,ADNI,EUR,EUR,EUR,1.0,0.27
114_S_0166,ADNI,AFR,EUR,Uncertain,0.6103947264429265,0.37
114_S_0173,ADNI,AFR,EUR,Uncertain,0.6082633572492757,0.32
114_S_0378,ADNI,EUR,EUR,Uncertain,0.5927301300698546,0.28
114_S_0416,ADNI,EUR,EUR,EUR,1.0,0.27
114_S_1106,ADNI,EUR,EUR,Uncertain,0.5928417767293621,0.29
114_S_4404,ADNI,AFR,EUR,Uncertain,0.609483784788175,0.32
116_S_0361,ADNI,AFR,AFR,Uncertain,0.6074969803911326,0.3
116_S_0382,ADNI,EUR,AMR,Uncertain,0.5890535232147566,0.27
116_S_0649,ADNI,EUR,EUR,EUR,1.0,0.27
116_S_0657,ADNI,AFR,AFR,Uncertain,0.6079016917431225,0.32
116_S_0752,ADNI,EUR,AFR,Uncertain,0.5884995944933403,0.38
116_S_0834,ADNI,AFR,EUR,Uncertain,0.60737610439324,0.3
116_S_1232,ADNI,AMR,AMR,AMR,1.0,0.28
116_S_1249,ADNI,AFR,EUR,AFR,0.8034325367396825,0.3
116_S_1271,ADNI,EUR,EUR,Uncertain,0.5928176700634771,0.24
116_S_4010,ADNI,AFR,EUR,Uncertain,0.6081602711827987,0.27
116_S_4043,ADNI,AFR,EUR,Uncertain,0.6061431821484569,0.35
116_S_4092,ADNI,AFR,AFR,Uncertain,0.611054284346006,0.47
116_S_4167,ADNI,AFR,AFR,Uncertain,0.606583872663823,0.35
116_S_4175,ADNI,EUR,EUR,Uncertain,0.5865939867855793,0.25
116_S_4199,ADNI,AFR,EUR,Uncertain,0.6078969755723262,0.28
116_S_4209,ADNI,AFR,EUR,AFR,0.8025649454918623,0.31
116_S_4338,ADNI,EUR,EUR,EUR,0.8008883141450462,0.25
116_S_4453,ADNI,EUR,EUR,Uncertain,0.59645360642725,0.26
116_S_4483,ADNI,AFR,AFR,Uncertain,0.6093211658706552,0.28
116_S_4625,ADNI,EUR,AFR,Uncertain,0.5891933246028305,0.28
116_S_4635,ADNI,EUR,EUR,EUR,1.0,0.27
123_S_0072,ADNI,EUR,EUR,EUR,1.0,0.27
123_S_0106,ADNI,AFR,AFR,Uncertain,0.6057866955852761,0.3
123_S_0108,ADNI,AFR,AFR,Uncertain,0.6062098395435388,0.32
123_S_0113,ADNI,AFR,AFR,AFR,0.8056818290800476,0.27
123_S_0298,ADNI,AFR,AFR,AFR,0.8045764069200194,0.28
123_S_1300,ADNI,AFR,EUR,Uncertain,0.6057210282773192,0.29
123_S_2055,ADNI,AFR,AFR,AFR,0.8040255331333319,0.4
123_S_2363,ADNI,EUR,EUR,Uncertain,0.5902046923336219,0.31
123_S_4096,ADNI,EUR,AFR,Uncertain,0.5938509785917343,0.42
123_S_4127,ADNI,EUR,EUR,Uncertain,0.5882162648242325,0.29
123_S_4170,ADNI,EUR,EUR,Uncertain,0.5925810481833906,0.26
123_S_4526,ADNI,AFR,AFR,Uncertain,0.6053900643732951,0.29
126_S_0605,ADNI,EUR,EUR,Uncertain,0.5961187438942136,0.28
126_S_0680,ADNI,AFR,EUR,AFR,0.8057023899386464,0.3
126_S_0709,ADNI,EUR,AFR,Uncertain,0.5894563921735344,0.27
126_S_1187,ADNI,EUR,AFR,Uncertain,0.5948156441478316,0.29
126_S_2405,ADNI,SAS,SAS,SAS,1.0,0.72
126_S_4458,ADNI,EUR,AFR,Uncertain,0.5913138764316643,0.29
126_S_4494,ADNI,EUR,AFR,Uncertain,0.5901857817606354,0.27
126_S_4507,ADNI,AFR,EUR,Uncertain,0.6072505120262806,0.31
126_S_4514,ADNI,EUR,AFR,Uncertain,0.5888590476649156,0.26
126_S_4686,ADNI,EUR,AFR,Uncertain,0.5901755968034328,0.3
127_S_0112,ADNI,EUR,AFR,Uncertain,0.5874374399433929,0.34
127_S_0259,ADNI,AFR,AFR,Uncertain,0.6089894861012944,0.31
127_S_0260,ADNI,AFR,EUR,Uncertain,0.6055975639934003,0.3
127_S_0622,ADNI,EUR,AFR,Uncertain,0.5868647273298785,0.29
127_S_0684,ADNI,EAS,EAS,EAS,1.0,0.89
127_S_0925,ADNI,AFR,AFR,Uncertain,0.6108563046956015,0.26
127_S_1032,ADNI,EUR,EUR,EUR,0.7995056314583734,0.29
127_S_1427,ADNI,EUR,EUR,Uncertain,0.590798013088991,0.27
127_S_2213,ADNI,EUR,EUR,EUR,1.0,0.28
127_S_2234,ADNI,AFR,AMR,AFR,0.8044174560027625,0.31
127_S_4148,ADNI,EUR,AFR,Uncertain,0.588133132624831,0.3
127_S_4197,ADNI,AFR,AFR,Uncertain,0.6068601981657127,0.31
127_S_4198,ADNI,AFR,AFR,Uncertain,0.6084699192196571,0.25
127_S_4210,ADNI,EUR,EUR,Uncertain,0.5914055573837649,0.28
127_S_4240,ADNI,EUR,EUR,Uncertain,0.587791935719746,0.26
127_S_4301,ADNI,AFR,AFR,AFR,0.8037148974610928,0.34
127_S_4500,ADNI,AFR,AFR,Uncertain,0.6031138294027105,0.33
127_S_4604,ADNI,EUR,EUR,Uncertain,0.5885143731757917,0.3
127_S_4645,ADNI,AFR,AFR,AFR,0.8049004484140038,0.28
128_S_0135,ADNI,EUR,AFR,Uncertain,0.5970206748457229,0.27
128_S_0138,ADNI,AFR,AFR,Uncertain,0.6086144866335254,0.28
128_S_0200,ADNI,EAS,EAS,EAS,1.0,0.91
128_S_0205,ADNI,EUR,AFR,Uncertain,0.5915773648587944,0.24
128_S_0225,ADNI,EUR,AFR,Uncertain,0.592058741286022,0.29
128_S_0229,ADNI,AFR,AFR,Uncertain,0.6093147951778815,0.29
128_S_0230,ADNI,AFR,EUR,Uncertain,0.6088136981526889,0.29
128_S_0272,ADNI,AFR,AFR,Uncertain,0.6075988259058621,0.3
128_S_0522,ADNI,EUR,AFR,Uncertain,0.5974412822824314,0.26
128_S_0545,ADNI,AFR,EUR,Uncertain,0.6061712937962801,0.31
128_S_0770,ADNI,EUR,EUR,EUR,1.0,0.27
128_S_0863,ADNI,AMR,AFR,AMR,0.7978641112112337,0.28
128_S_1043,ADNI,AMR,AMR,AMR,1.0,0.76
128_S_1406,ADNI,AFR,EUR,AFR,0.8074978540650017,0.31
128_S_1407,ADNI,AFR,AMR,AFR,0.8067052011500387,0.31
128_S_1408,ADNI,EUR,AFR,Uncertain,0.5887235797718581,0.31
128_S_2002,ADNI,AFR,EUR,Uncertain,0.6031017343573579,0.29
128_S_2003,ADNI,AFR,AFR,Uncertain,0.6065045144928017,0.41
128_S_2036,ADNI,AFR,AFR,AFR,0.8054984404244868,0.27
128_S_2045,ADNI,EUR,AFR,Uncertain,0.5868109530193466,0.25
128_S_2123,ADNI,AMR,AMR,AMR,1.0,0.61
128_S_2130,ADNI,EUR,AFR,Uncertain,0.5904856029359886,0.41
128_S_2151,ADNI,AFR,AFR,Uncertain,0.608107175194567,0.32
128_S_2220,ADNI,AFR,AFR,Uncertain,0.6096850172476735,0.28
128_S_4553,ADNI,AFR,EUR,AFR,0.805210068315244,0.32
128_S_4571,ADNI,AFR,AFR,AFR,0.8056424270650202,0.33
128_S_4607,ADNI,AMR,AFR,Uncertain,0.6069627058444064,0.45
128_S_4636,ADNI,AMR,AMR,AMR,1.0,0.65
129_S_1246,ADNI,EUR,EUR,Uncertain,0.5914449967978054,0.31
129_S_2332,ADNI,EUR,AFR,Uncertain,0.5945786916564941,0.25
129_S_4220,ADNI,EUR,AFR,Uncertain,0.589487824977049,0.28
129_S_4287,ADNI,AFR,AFR,AFR,0.780705671010089,0.45
129_S_4369,ADNI,AFR,AFR,Uncertain,0.6064447491727708,0.41
129_S_4371,ADNI,AFR,EUR,AFR,0.8043170195932107,0.32
129_S_4396,ADNI,AFR,AFR,Uncertain,0.605479806738347,0.29
130_S_0232,ADNI,AFR,AFR,Uncertain,0.6042020613600912,0.3
130_S_0285,ADNI,EUR,AFR,Uncertain,0.589410917945327,0.28
130_S_0289,ADNI,AFR,EUR,Uncertain,0.6086418058764292,0.29
130_S_2391,ADNI,AMR,AMR,AMR,0.8009654311169063,0.3
130_S_2403,ADNI,AFR,AFR,Uncertain,0.605442699308406,0.31
130_S_4250,ADNI,AFR,EUR,Uncertain,0.6028768217400121,0.25
130_S_4294,ADNI,EUR,EUR,EUR,1.0,0.29
130_S_4352,ADNI,EUR,AMR,Uncertain,0.5882973089074299,0.25
130_S_4405,ADNI,AFR,EUR,Uncertain,0.6090818460140973,0.3
130_S_4415,ADNI,EUR,AFR,Uncertain,0.5853445713570612,0.29
130_S_4468,ADNI,AFR,AFR,Uncertain,0.6083669039988236,0.3
130_S_4589,ADNI,EUR,AFR,Uncertain,0.5938332022961452,0.4
130_S_4660,ADNI,SAS,SAS,SAS,1.0,0.95
131_S_0123,ADNI,EUR,EUR,EUR,1.0,0.28
131_S_0384,ADNI,AMR,EUR,Uncertain,0.6055990962140182,0.28
131_S_0441,ADNI,AFR,AFR,Uncertain,0.6044453316335976,0.3
135_S_4281,ADNI,AFR,EUR,Uncertain,0.6079400072033245,0.3
135_S_4309,ADNI,AFR,AFR,AFR,0.8047956354618486,0.29
135_S_4356,ADNI,EUR,AFR,Uncertain,0.5873626860070098,0.38
135_S_4406,ADNI,AFR,AFR,AFR,0.8039279081331446,0.3
135_S_4446,ADNI,EUR,AFR,Uncertain,0.5900428522154155,0.25
135_S_4489,ADNI,AFR,AFR,Uncertain,0.6085063056776917,0.3
135_S_4598,ADNI,AMR,AFR,Uncertain,0.5976044618090972,0.32
135_S_4657,ADNI,AFR,AFR,Uncertain,0.6067082485493351,0.29
135_S_4676,ADNI,EUR,AFR,Uncertain,0.5914483270076382,0.31
136_S_0107,ADNI,EUR,AFR,Uncertain,0.5878758667729366,0.28
136_S_0186,ADNI,AFR,AFR,AFR,0.8047076170439398,0.3
136_S_4189,ADNI,EUR,AFR,Uncertain,0.5891688361136912,0.29
136_S_4269,ADNI,EUR,AFR,Uncertain,0.5877625385582802,0.27
136_S_4408,ADNI,EUR,AFR,Uncertain,0.5908988072624067,0.41
136_S_4433,ADNI,AFR,AFR,Uncertain,0.6095541821892512,0.29
137_S_0301,ADNI,AFR,AFR,Uncertain,0.6055962366824597,0.3
137_S_0459,ADNI,EUR,AFR,Uncertain,0.5904487294669418,0.31
137_S_0668,ADNI,AFR,AMR,Uncertain,0.6076184299647925,0.3
137_S_0686,ADNI,AMR,EUR,AMR,0.8016360926383735,0.3
137_S_0722,ADNI,EUR,AFR,Uncertain,0.5929037157013839,0.25
137_S_0800,ADNI,AFR,AFR,Uncertain,0.6086852572205625,0.32
137_S_0972,ADNI,EUR,EUR,Uncertain,0.5909548627457448,0.31
137_S_0973,ADNI,AFR,EUR,Uncertain,0.6075995782387574,0.29
137_S_1414,ADNI,AFR,EUR,AFR,0.803790283233679,0.29
137_S_4211,ADNI,EUR,AFR,Uncertain,0.5923003240258401,0.46
137_S_4258,ADNI,AFR,EUR,Uncertain,0.6076013587189717,0.3
137_S_4299,ADNI,AFR,AFR,AFR,0.8049692441061336,0.28
137_S_4331,ADNI,EUR,EUR,Uncertain,0.5898116067592561,0.3
137_S_4351,ADNI,EUR,EUR,Uncertain,0.5891268571034721,0.3
137_S_4466,ADNI,AFR,EUR,AFR,1.0,0.3
137_S_4482,ADNI,AFR,AMR,AFR,0.8057513959953412,0.27
137_S_4596,ADNI,EUR,AFR,Uncertain,0.5890964986025135,0.22
137_S_4672,ADNI,EUR,EUR,Uncertain,0.5865656912535689,0.29
141_S_0717,ADNI,AMR,EUR,AMR,0.802276871451972,0.28
141_S_1004,ADNI,EUR,AFR,Uncertain,0.5906127233059562,0.33
141_S_1052,ADNI,EUR,EUR,Uncertain,0.590933184541783,0.24
141_S_1255,ADNI,AFR,AMR,Uncertain,0.6035597950310652,0.3
141_S_1378,ADNI,AMR,AMR,AMR,1.0,0.84
141_S_2210,ADNI,EUR,EUR,Uncertain,0.587607538718641,0.31
141_S_4053,ADNI,EUR,AFR,Uncertain,0.5946209786790065,0.32
141_S_4160,ADNI,EUR,AMR,Uncertain,0.6023905751525402,0.24
141_S_4232,ADNI,EUR,EUR,Uncertain,0.5854659946962669,0.28
141_S_4426,ADNI,EUR,AMR,Uncertain,0.5896276788015599,0.27
141_S_4456,ADNI,EUR,AFR,Uncertain,0.5921657887812802,0.3
153_S_2109,ADNI,AMR,AMR,AMR,1.0,0.38
153_S_2148,ADNI,EUR,EUR,Uncertain,0.591837702773105,0.27
153_S_4297,ADNI,AFR,AMR,Uncertain,0.6082223771046642,0.26
153_S_4372,ADNI,EUR,EUR,EUR,1.0,0.32
153_S_4621,ADNI,AMR,AMR,Uncertain,0.5994597739021742,0.27
941_S_1202,ADNI,EUR,AFR,Uncertain,0.5899740779014322,0.3
941_S_2060,ADNI,EUR,AFR,Uncertain,0.5921688467826193,0.3
941_S_4036,ADNI,EUR,AFR,Uncertain,0.5902163699811991,0.38
941_S_4187,ADNI,EUR,AFR,EUR,1.0,0.27
941_S_4255,ADNI,EUR,AFR,EUR,1.0,0.26
941_S_4292,ADNI,AFR,AFR,Uncertain,0.6082244908889523,0.27
941_S_4365,ADNI,EUR,AMR,Uncertain,0.5903723925678722,0.28
941_S_4376,ADNI,AFR,AFR,Uncertain,0.6057471324963276,0.3
941_S_4377,ADNI,AFR,AMR,Uncertain,0.6021886861177692,0.31
941_S_4420,ADNI,EUR,EUR,Uncertain,0.5885811214640869,0.33
GTEX-1117F,GTEx,AFR,AFR,AFR,1.0,0.78
GTEX-111CU,GTEx,EUR,AFR,EUR,1.0,0.32
GTEX-111FC,GTEx,EUR,AFR,EUR,1.0,0.33
GTEX-111VG,GTEx,EUR,EUR,EUR,1.0,0.36
GTEX-111YS,GTEx,EUR,EUR,EUR,1.0,0.34
GTEX-1122O,GTEx,EUR,AFR,EUR,1.0,0.35
GTEX-1128S,GTEx,EUR,EUR,EUR,1.0,0.41
GTEX-113IC,GTEx,AFR,AFR,AFR,1.0,0.76
GTEX-113JC,GTEx,EUR,AMR,Uncertain,0.5960930911611565,0.36
GTEX-117XS,GTEx,EUR,EUR,EUR,1.0,0.35
GTEX-117YW,GTEx,EUR,EUR,EUR,1.0,0.3
GTEX-117YX,GTEx,EAS,EAS,EAS,1.0,0.98
GTEX-1192W,GTEx,EUR,EUR,EUR,1.0,0.38
GTEX-1192X,GTEx,EUR,EUR,EUR,1.0,0.36
GTEX-11DXW,GTEx,EUR,EUR,EUR,1.0,0.42
GTEX-11DXX,GTEx,EUR,EUR,EUR,1.0,0.38
GTEX-11DXY,GTEx,EUR,EUR,EUR,1.0,0.37
GTEX-11DXZ,GTEx,AFR,AFR,AFR,1.0,0.82
GTEX-11DYG,GTEx,AFR,AFR,AFR,1.0,0.83
GTEX-11DZ1,GTEx,EUR,EUR,EUR,1.0,0.36
GTEX-11EI6,GTEx,EUR,EUR,EUR,1.0,0.42
GTEX-11EM3,GTEx,EUR,EUR,EUR,1.0,0.35
GTEX-11EMC,GTEx,EUR,AFR,EUR,1.0,0.34
GTEX-11EQ8,GTEx,EUR,EUR,EUR,1.0,0.29
GTEX-11EQ9,GTEx,EUR,EUR,EUR,1.0,0.36
GTEX-11GS4,GTEx,EUR,EUR,EUR,1.0,0.34
GTEX-11GSO,GTEx,EUR,EUR,EUR,1.0,0.36
GTEX-11GSP,GTEx,EUR,EUR,EUR,1.0,0.35
GTEX-11H98,GTEx,EUR,EUR,EUR,1.0,0.37
GTEX-11I78,GTEx,EUR,EUR,EUR,1.0,0.38
GTEX-11LCK,GTEx,EUR,AFR,EUR,1.0,0.32
GTEX-11NSD,GTEx,EUR,EUR,EUR,1.0,0.36
GTEX-11NUK,GTEx,EUR,EUR,EUR,1.0,0.33
GTEX-11NV4,GTEx,AFR,AFR,AFR,1.0,0.78
GTEX-11O72,GTEx,EUR,EUR,EUR,1.0,0.37
GTEX-11OC5,GTEx,EUR,EUR,EUR,1.0,0.33
GTEX-11OF3,GTEx,EUR,AFR,EUR,1.0,0.44
GTEX-11ONC,GTEx,EUR,EUR,EUR,1.0,0.41
GTEX-11P7K,GTEx,AFR,AFR,AFR,1.0,0.81
GTEX-11P81,GTEx,EUR,EUR,EUR,1.0,0.43
GTEX-11P82,GTEx,EUR,EUR,EUR,1.0,0.36
GTEX-11PRG,GTEx,AFR,AFR,AFR,1.0,0.78
GTEX-11TT1,GTEx,AFR,AFR,Uncertain,0.636252444377309,0.27
GTEX-11TTK,GTEx,EUR,AFR,EUR,1.0,0.33
GTEX-11TUW,GTEx,EUR,EUR,EUR,1.0,0.39
GTEX-11UD1,GTEx,AFR,AFR,AFR,1.0,0.79
GTEX-11UD2,GTEx,EUR,EUR,EUR,1.0,0.33
GTEX-11VI4,GTEx,EUR,EUR,EUR,1.0,0.36
GTEX-11WQC,GTEx,AFR,AFR,AFR,1.0,0.78
GTEX-11WQK,GTEx,EUR,EUR,EUR,1.0,0.31
GTEX-11XUK,GTEx,EUR,EUR,EUR,1.0,0.35
GTEX-11ZTS,GTEx,EUR,EUR,EUR,1.0,0.35
GTEX-11ZTT,GTEx,EUR,AFR,EUR,1.0,0.36
GTEX-11ZU8,GTEx,EUR,EUR,EUR,1.0,0.36
GTEX-11ZUS,GTEx,EUR,EUR,EUR,1.0,0.37
GTEX-11ZVC,GTEx,EUR,EUR,EUR,1.0,0.35
GTEX-1211K,GTEx,EUR,EUR,EUR,1.0,0.38
GTEX-12126,GTEx,AFR,AFR,AFR,1.0,0.98
GTEX-1212Z,GTEx,EUR,EUR,EUR,1.0,0.32
GTEX-12584,GTEx,EUR,EUR,EUR,1.0,0.32
GTEX-12696,GTEx,EUR,EUR,EUR,1.0,0.33
GTEX-1269C,GTEx,EUR,EUR,EUR,1.0,0.37
GTEX-12BJ1,GTEx,EUR,EUR,EUR,1.0,0.39
GTEX-12C56,GTEx,EUR,EUR,EUR,1.0,0.4
GTEX-12KS4,GTEx,EUR,EUR,EUR,1.0,0.38
GTEX-12WSA,GTEx,EUR,EUR,EUR,1.0,0.42
GTEX-12WSC,GTEx,EUR,AFR,EUR,1.0,0.32
GTEX-12WSD,GTEx,AFR,AFR,AFR,1.0,0.8
GTEX-12WSE,GTEx,EUR,EUR,EUR,1.0,0.36
GTEX-12WSF,GTEx,EUR,AFR,EUR,1.0,0.37
GTEX-12WSG,GTEx,EUR,AFR,EUR,1.0,0.33
GTEX-12WSH,GTEx,EUR,EUR,EUR,1.0,0.35
GTEX-12WSI,GTEx,EUR,EUR,EUR,1.0,0.46
GTEX-12WSJ,GTEx,EUR,EUR,EUR,1.0,0.32
GTEX-12WSK,GTEx,EUR,EUR,EUR,1.0,0.34
GTEX-12WSL,GTEx,EUR,EUR,EUR,1.0,0.35
GTEX-12WSM,GTEx,EUR,EUR,EUR,1.0,0.41
GTEX-12WSN,GTEx,EUR,EUR,EUR,1.0,0.39
GTEX-12ZZW,GTEx,EUR,EUR,EUR,1.0,0.41
GTEX-12ZZX,GTEx,AMR,AMR,AMR,0.8022717971471484,0.62
GTEX-12ZZY,GTEx,EUR,EUR,EUR,1.0,0.38
GTEX-12ZZZ,GTEx,EUR,EUR,EUR,1.0,0.33
GTEX-13111,GTEx,EUR,EUR,EUR,1.0,0.33
GTEX-13112,GTEx,EUR,EUR,EUR,1.0,0.31
GTEX-13113,GTEx,AFR,AFR,AFR,1.0,0.79
GTEX-1313W,GTEx,EUR,EUR,EUR,1.0,0.4
GTEX-1314G,GTEx,EUR,AFR,EUR,1.0,0.33
GTEX-131XE,GTEx,AFR,AFR,AFR,1.0,0.8
GTEX-131XF,GTEx,AMR,AMR,AMR,1.0,0.48
GTEX-131XG,GTEx,EUR,EUR,EUR,1.0,0.38
GTEX-131XH,GTEx,AFR,AFR,AFR,1.0,0.81
GTEX-131XW,GTEx,EUR,EUR,EUR,1.0,0.32
GTEX-131YS,GTEx,EUR,AFR,EUR,1.0,0.45
GTEX-132AR,GTEx,EUR,EUR,EUR,1.0,0.38
GTEX-132NY,GTEx,EUR,AFR,EUR,1.0,0.35
GTEX-132Q8,GTEx,EUR,EUR,EUR,1.0,0.36
GTEX-132QS,GTEx,SAS,SAS,SAS,1.0,1.0
GTEX-1339X,GTEx,EUR,EUR,EUR,1.0,0.32
GTEX-133LE,GTEx,EUR,EUR,EUR,1.0,0.3
GTEX-1399Q,GTEx,EUR,EUR,EUR,1.0,0.32
GTEX-1399R,GTEx,EUR,AFR,EUR,1.0,0.35
GTEX-1399S,GTEx,EUR,EUR,EUR,1.0,0.28
GTEX-1399T,GTEx,EUR,EUR,EUR,1.0,0.43
GTEX-1399U,GTEx,EUR,EUR,EUR,1.0,0.33
GTEX-139D8,GTEx,EUR,EUR,EUR,1.0,0.36
GTEX-139T4,GTEx,EUR,EUR,EUR,1.0,0.39
GTEX-139T6,GTEx,EUR,EUR,EUR,1.0,0.4
GTEX-139T8,GTEx,EUR,EUR,EUR,1.0,0.34
GTEX-139TS,GTEx,EUR,EUR,EUR,1.0,0.35
GTEX-139TT,GTEx,EUR,AFR,EUR,1.0,0.43
GTEX-139TU,GTEx,EUR,EUR,EUR,1.0,0.43
GTEX-139UW,GTEx,EUR,EUR,EUR,1.0,0.34
GTEX-139YR,GTEx,EUR,AFR,EUR,1.0,0.29
GTEX-13CF2,GTEx,EUR,AFR,EUR,1.0,0.29
GTEX-13CF3,GTEx,EUR,EUR,EUR,1.0,0.43
GTEX-13CIG,GTEx,EUR,EUR,EUR,1.0,0.34
GTEX-13CZU,GTEx,EUR,AFR,EUR,1.0,0.44
GTEX-13CZV,GTEx,EUR,AFR,EUR,1.0,0.32
GTEX-13D11,GTEx,EUR,EUR,EUR,1.0,0.35
GTEX-13FH7,GTEx,EUR,EUR,EUR,1.0,0.32
GTEX-13FHO,GTEx,EUR,EUR,EUR,1.0,0.41
GTEX-13FHP,GTEx,AFR,AFR,AFR,1.0,0.84
GTEX-13FLV,GTEx,EUR,EUR,EUR,1.0,0.32
GTEX-13FLW,GTEx,AFR,AFR,AFR,1.0,0.79
GTEX-13FTW,GTEx,EUR,EUR,EUR,1.0,0.41
GTEX-13FTX,GTEx,EUR,AFR,EUR,1.0,0.35
GTEX-13FTY,GTEx,EUR,EUR,EUR,1.0,0.35
GTEX-13FTZ,GTEx,EUR,AFR,EUR,1.0,0.3
GTEX-13FXS,GTEx,AFR,AFR,AFR,1.0,0.81
GTEX-13G51,GTEx,EUR,EUR,EUR,1.0,0.33
GTEX-13IVO,GTEx,EUR,EUR,EUR,1.0,0.38
GTEX-13JUV,GTEx,AFR,AFR,AFR,1.0,0.79
GTEX-13JVG,GTEx,EUR,EUR,EUR,1.0,0.38
GTEX-13N11,GTEx,AFR,AFR,AFR,1.0,0.73
GTEX-13N1W,GTEx,EUR,EUR,EUR,1.0,0.41
GTEX-13N2G,GTEx,EUR,AFR,EUR,1.0,0.4
GTEX-13NYB,GTEx,AFR,AFR,AFR,1.0,0.81
GTEX-13NYC,GTEx,EUR,EUR,EUR,0.8028061444783725,0.41
GTEX-13NYS,GTEx,EUR,EUR,EUR,1.0,0.38
GTEX-13NZ8,GTEx,EUR,EUR,EUR,1.0,0.38
GTEX-13NZ9,GTEx,EAS,EAS,EAS,1.0,0.98
GTEX-13NZA,GTEx,EUR,EUR,EUR,1.0,0.38
GTEX-13NZB,GTEx,EUR,AFR,EUR,1.0,0.34
GTEX-13O1R,GTEx,EUR,EUR,EUR,1.0,0.38
GTEX-13O21,GTEx,EUR,EUR,EUR,1.0,0.35
GTEX-13O3O,GTEx,EUR,AFR,EUR,1.0,0.3
GTEX-13O3P,GTEx,EUR,AFR,EUR,1.0,0.34
GTEX-13O3Q,GTEx,EUR,EUR,EUR,1.0,0.42
GTEX-13O61,GTEx,AMR,AMR,AMR,1.0,0.7
GTEX-13OVG,GTEx,EUR,AMR,EUR,1.0,0.31
GTEX-13OVH,GTEx,EUR,EUR,EUR,1.0,0.37
GTEX-13OVI,GTEx,AFR,AFR,AFR,1.0,0.78
GTEX-13OVJ,GTEx,EUR,AFR,EUR,1.0,0.31
GTEX-13OVK,GTEx,EUR,AFR,EUR,1.0,0.31
GTEX-13OVL,GTEx,EUR,AFR,EUR,1.0,0.44
GTEX-13OW5,GTEx,EUR,AFR,EUR,1.0,0.33
GTEX-13OW6,GTEx,EUR,EUR,EUR,1.0,0.4
GTEX-13OW7,GTEx,EUR,EUR,EUR,1.0,0.37
GTEX-13OW8,GTEx,EUR,EUR,EUR,1.0,0.41
GTEX-13PDP,GTEx,EUR,EUR,EUR,1.0,0.33
GTEX-13PL6,GTEx,AMR,AMR,AMR,1.0,0.5
GTEX-13PL7,GTEx,EUR,EUR,EUR,1.0,0.42
GTEX-13PLJ,GTEx,EUR,AFR,EUR,1.0,0.32
GTEX-13PVQ,GTEx,EUR,SAS,EUR,1.0,0.6
GTEX-13PVR,GTEx,EUR,EUR,EUR,1.0,0.33
GTEX-13QBU,GTEx,EUR,EUR,EUR,1.0,0.43
GTEX-13QIC,GTEx,EUR,EUR,EUR,0.8017197125474237,0.34
GTEX-13QJ3,GTEx,EUR,EUR,EUR,1.0,0.42
GTEX-13QJC,GTEx,EUR,EUR,EUR,1.0,0.41
GTEX-13RTJ,GTEx,EUR,EUR,EUR,1.0,0.36
GTEX-13RTK,GTEx,EUR,EUR,EUR,1.0,0.33
GTEX-13RTL,GTEx,EUR,EUR,EUR,1.0,0.35
GTEX-13S7M,GTEx,EUR,EUR,EUR,1.0,0.35
GTEX-13S86,GTEx,EUR,EUR,EUR,1.0,0.39
GTEX-13SLW,GTEx,EUR,AFR,EUR,1.0,0.28
GTEX-13SLX,GTEx,AFR,AFR,AFR,1.0,0.8
GTEX-13U4I,GTEx,EUR,EUR,EUR,1.0,0.36
GTEX-13VXT,GTEx,AFR,AFR,AFR,1.0,0.79
GTEX-13VXU,GTEx,EUR,EUR,EUR,1.0,0.34
GTEX-13W3W,GTEx,EUR,EUR,EUR,1.0,0.4
GTEX-13W46,GTEx,EUR,EUR,EUR,1.0,0.44
GTEX-13X6H,GTEx,EUR,AFR,EUR,1.0,0.36
GTEX-13X6I,GTEx,EUR,EUR,EUR,1.0,0.37
GTEX-13X6J,GTEx,EUR,EUR,EUR,1.0,0.36
GTEX-13X6K,GTEx,EUR,EUR,EUR,1.0,0.32
GTEX-13YAN,GTEx,AFR,AFR,AFR,1.0,0.78
GTEX-1445S,GTEx,EUR,EUR,EUR,1.0,0.42
GTEX-144FL,GTEx,EUR,EUR,EUR,1.0,0.33
GTEX-144GL,GTEx,EUR,EUR,EUR,1.0,0.39
GTEX-144GM,GTEx,EUR,EUR,EUR,1.0,0.37
GTEX-144GN,GTEx,EUR,AFR,EUR,1.0,0.32
GTEX-144GO,GTEx,EUR,EUR,EUR,1.0,0.39
GTEX-145LS,GTEx,EUR,EUR,EUR,1.0,0.41
GTEX-145LT,GTEx,EUR,AFR,EUR,1.0,0.32
GTEX-145LU,GTEx,EUR,EUR,EUR,1.0,0.34
GTEX-145LV,GTEx,EUR,AFR,EUR,1.0,0.35
GTEX-145ME,GTEx,AFR,AFR,AFR,1.0,0.75
GTEX-145MF,GTEx,EUR,EUR,EUR,1.0,0.4
GTEX-145MG,GTEx,AFR,AFR,AFR,1.0,0.83
GTEX-145MH,GTEx,EUR,EUR,EUR,1.0,0.34
GTEX-145MI,GTEx,EUR,EUR,EUR,1.0,0.35
GTEX-145MN,GTEx,AFR,AFR,AFR,1.0,0.79
GTEX-145MO,GTEx,EUR,AFR,EUR,1.0,0.46
GTEX-146FH,GTEx,EUR,EUR,EUR,0.802267760852988,0.41
GTEX-146FQ,GTEx,EUR,EUR,EUR,1.0,0.32
GTEX-146FR,GTEx,EUR,EUR,EUR,1.0,0.33
GTEX-14753,GTEx,EUR,EUR,EUR,1.0,0.37
GTEX-1477Z,GTEx,EUR,AFR,EUR,1.0,0.36
GTEX-147F3,GTEx,AMR,AMR,AMR,1.0,0.97
GTEX-147F4,GTEx,EUR,EUR,EUR,1.0,0.31
GTEX-147GR,GTEx,EUR,EUR,Uncertain,0.5995897853042985,0.43
GTEX-147JS,GTEx,EUR,EUR,EUR,1.0,0.43
GTEX-148VI,GTEx,EUR,EUR,EUR,1.0,0.4
GTEX-148VJ,GTEx,EUR,EUR,EUR,1.0,0.4
GTEX-1497J,GTEx,AFR,AFR,AFR,1.0,0.82
GTEX-14A5H,GTEx,EUR,AFR,EUR,1.0,0.34
GTEX-14A5I,GTEx,EUR,AFR,EUR,1.0,0.32
GTEX-14A6H,GTEx,EUR,EUR,EUR,1.0,0.34
GTEX-14ABY,GTEx,EUR,EUR,EUR,1.0,0.34
GTEX-14AS3,GTEx,EAS,EAS,EAS,1.0,0.71
GTEX-14ASI,GTEx,AFR,AFR,AFR,1.0,0.81
GTEX-14B4R,GTEx,EUR,EUR,EUR,1.0,0.44
GTEX-14BIL,GTEx,EUR,EUR,EUR,1.0,0.34
GTEX-14BIM,GTEx,EUR,AFR,EUR,1.0,0.33
GTEX-14BIN,GTEx,EUR,EUR,EUR,1.0,0.36
GTEX-14BMU,GTEx,EUR,AFR,EUR,1.0,0.31
GTEX-14BMV,GTEx,EUR,EUR,EUR,1.0,0.38
GTEX-14C38,GTEx,EUR,EUR,EUR,1.0,0.36
GTEX-14C39,GTEx,EUR,AFR,EUR,1.0,0.34
GTEX-14C5O,GTEx,EUR,EUR,EUR,1.0,0.41
GTEX-14DAQ,GTEx,EUR,EUR,EUR,1.0,0.44
GTEX-14DAR,GTEx,EUR,EUR,EUR,1.0,0.41
GTEX-14E1K,GTEx,AFR,AFR,AFR,1.0,0.83
GTEX-14E6C,GTEx,EUR,EUR,EUR,1.0,0.34
GTEX-14E6D,GTEx,EUR,EUR,EUR,1.0,0.35
GTEX-14E6E,GTEx,EUR,EUR,EUR,1.0,0.42
GTEX-14E7W,GTEx,EUR,EUR,EUR,1.0,0.34
GTEX-14H4A,GTEx,EUR,AFR,EUR,1.0,0.34
GTEX-14ICK,GTEx,EUR,EUR,EUR,1.0,0.41
GTEX-14ICL,GTEx,EUR,EUR,EUR,1.0,0.35
GTEX-14JFF,GTEx,EUR,EUR,EUR,1.0,0.36
GTEX-14JG1,GTEx,EUR,EUR,EUR,1.0,0.36
GTEX-14JG6,GTEx,EUR,EUR,EUR,1.0,0.32
GTEX-14JIY,GTEx,EUR,EUR,EUR,1.0,0.41
GTEX-14LLW,GTEx,EUR,EUR,EUR,1.0,0.37
GTEX-14LZ3,GTEx,EUR,EUR,EUR,1.0,0.32
GTEX-14PHW,GTEx,EUR,EUR,EUR,1.0,0.37
GTEX-14PHX,GTEx,EUR,AFR,EUR,1.0,0.32
GTEX-14PHY,GTEx,AFR,AFR,AFR,1.0,0.8
GTEX-14PII,GTEx,EUR,EUR,EUR,1.0,0.36
GTEX-14PJ2,GTEx,EUR,EUR,EUR,1.0,0.33
GTEX-14PJ3,GTEx,AMR,AMR,AMR,1.0,0.97
GTEX-14PJ4,GTEx,EUR,EUR,EUR,1.0,0.35
GTEX-14PJ5,GTEx,EUR,EUR,EUR,1.0,0.34
GTEX-14PJ6,GTEx,EUR,EUR,EUR,1.0,0.36
GTEX-14PJM,GTEx,EUR,EUR,EUR,1.0,0.4
GTEX-14PJN,GTEx,EUR,EUR,EUR,1.0,0.39
GTEX-14PJO,GTEx,EUR,EUR,EUR,1.0,0.4
GTEX-14PJP,GTEx,EUR,AFR,EUR,1.0,0.31
GTEX-14PK6,GTEx,EUR,EUR,EUR,1.0,0.44
GTEX-14PKU,GTEx,EUR,EUR,EUR,1.0,0.35
GTEX-14PKV,GTEx,EUR,EUR,EUR,1.0,0.36
GTEX-14PN3,GTEx,EUR,EUR,EUR,1.0,0.33
GTEX-14PN4,GTEx,EUR,EUR,EUR,1.0,0.34
GTEX-14PQA,GTEx,EUR,EUR,EUR,1.0,0.38
GTEX-14XAO,GTEx,EUR,EUR,EUR,1.0,0.35
GTEX-15CHC,GTEx,EUR,AFR,EUR,1.0,0.3
GTEX-15CHQ,GTEx,EUR,EUR,EUR,1.0,0.38
GTEX-15CHR,GTEx,EUR,EUR,EUR,1.0,0.34
GTEX-15D1Q,GTEx,EUR,EUR,EUR,1.0,0.4
GTEX-15D79,GTEx,EUR,EUR,EUR,1.0,0.39
GTEX-15DCD,GTEx,EUR,EUR,EUR,1.0,0.37
GTEX-15DCE,GTEx,EUR,EUR,EUR,1.0,0.33
GTEX-15DDE,GTEx,AFR,AFR,AFR,1.0,0.82
GTEX-15DYW,GTEx,EUR,EUR,EUR,1.0,0.41
GTEX-15DZA,GTEx,AMR,AMR,AMR,1.0,0.56
GTEX-15EO6,GTEx,EUR,EUR,EUR,1.0,0.35
GTEX-15EOM,GTEx,EUR,AFR,EUR,1.0,0.34
GTEX-15ER7,GTEx,EUR,EUR,EUR,1.0,0.47
GTEX-15ETS,GTEx,EUR,AFR,EUR,1.0,0.31
GTEX-15EU6,GTEx,EUR,EUR,EUR,1.0,0.34
GTEX-15F5U,GTEx,EUR,AFR,EUR,1.0,0.41
GTEX-15FZZ,GTEx,EUR,EUR,EUR,1.0,0.34
GTEX-15G19,GTEx,EUR,EUR,EUR,1.0,0.38
GTEX-15G1A,GTEx,EUR,EUR,EUR,1.0,0.43
GTEX-15RIE,GTEx,EUR,AFR,EUR,1.0,0.33
GTEX-15RIF,GTEx,EUR,EUR,EUR,1.0,0.38
GTEX-15RIG,GTEx,EUR,AFR,EUR,1.0,0.4
GTEX-15RJ7,GTEx,AFR,AFR,AFR,1.0,0.82
GTEX-15RJE,GTEx,EUR,AFR,EUR,1.0,0.34
GTEX-15SB6,GTEx,EUR,EUR,EUR,1.0,0.37
GTEX-15SDE,GTEx,AFR,AFR,AFR,1.0,0.79
GTEX-15SHU,GTEx,EUR,EUR,EUR,1.0,0.31
GTEX-15SHV,GTEx,EUR,EUR,EUR,1.0,0.41
GTEX-15SHW,GTEx,AFR,AFR,AFR,1.0,0.77
GTEX-15SKB,GTEx,EUR,EUR,EUR,1.0,0.36
GTEX-15SZO,GTEx,AMR,AMR,AMR,1.0,0.95
GTEX-15UF6,GTEx,EUR,EUR,EUR,1.0,0.4
GTEX-15UF7,GTEx,EUR,EUR,EUR,1.0,0.39
GTEX-15UKP,GTEx,EUR,EUR,EUR,1.0,0.38
GTEX-169BO,GTEx,EUR,EUR,EUR,1.0,0.36
GTEX-16A39,GTEx,EUR,EUR,EUR,1.0,0.32
GTEX-16AAH,GTEx,SAS,SAS,SAS,1.0,1.0
GTEX-16BQI,GTEx,EUR,EUR,EUR,1.0,0.37
GTEX-16GPK,GTEx,EUR,EUR,EUR,1.0,0.36
GTEX-16MT8,GTEx,EUR,EUR,EUR,1.0,0.35
GTEX-16MT9,GTEx,EUR,AMR,EUR,1.0,0.31
GTEX-16MTA,GTEx,EUR,AFR,EUR,1.0,0.35
GTEX-16NFA,GTEx,AFR,AFR,AFR,1.0,0.79
GTEX-16NGA,GTEx,AFR,AFR,AFR,1.0,0.8
GTEX-16NPV,GTEx,EUR,EUR,EUR,1.0,0.34
GTEX-16NPX,GTEx,EUR,EUR,EUR,1.0,0.35
GTEX-16XZY,GTEx,AMR,AMR,AMR,1.0,0.86
GTEX-16XZZ,GTEx,EUR,EUR,EUR,1.0,0.32
GTEX-16YQH,GTEx,EUR,AFR,Uncertain,0.5982642623195047,0.32
GTEX-16Z82,GTEx,EUR,EUR,EUR,1.0,0.43
GTEX-178AV,GTEx,EUR,EUR,EUR,1.0,0.35
GTEX-17EUY,GTEx,AFR,AMR,Uncertain,0.617216063135638,0.36
GTEX-17EVP,GTEx,EUR,EUR,EUR,1.0,0.41
GTEX-17EVQ,GTEx,EUR,EUR,EUR,1.0,0.35
GTEX-17F96,GTEx,EUR,EUR,EUR,1.0,0.37
GTEX-17F97,GTEx,EUR,EUR,EUR,1.0,0.4
GTEX-17F98,GTEx,EUR,EUR,EUR,1.0,0.37
GTEX-17F9E,GTEx,AMR,AMR,AMR,1.0,0.95
GTEX-17F9Y,GTEx,EUR,EUR,EUR,1.0,0.37
GTEX-17GQL,GTEx,EUR,EUR,EUR,1.0,0.39
GTEX-17HG3,GTEx,EUR,EUR,EUR,1.0,0.39
GTEX-17HGU,GTEx,EUR,AFR,EUR,1.0,0.3
GTEX-17HHE,GTEx,AMR,EUR,Uncertain,0.5981363222572653,0.36
GTEX-17HHY,GTEx,EUR,EUR,EUR,1.0,0.37
GTEX-17HII,GTEx,EUR,EUR,EUR,1.0,0.32
GTEX-17JCI,GTEx,EUR,EUR,EUR,1.0,0.4
GTEX-17KNJ,GTEx,EUR,AFR,EUR,1.0,0.28
GTEX-17MF6,GTEx,EUR,EUR,EUR,1.0,0.35
GTEX-17MFQ,GTEx,EUR,EUR,EUR,1.0,0.35
GTEX-183FY,GTEx,EUR,EUR,EUR,1.0,0.37
GTEX-183WM,GTEx,EUR,EUR,EUR,1.0,0.33
GTEX-18465,GTEx,EUR,EUR,EUR,1.0,0.37
GTEX-18A66,GTEx,EUR,EUR,EUR,1.0,0.32
GTEX-18A67,GTEx,EUR,AFR,EUR,1.0,0.32
GTEX-18A6Q,GTEx,EUR,EUR,EUR,1.0,0.36
GTEX-18A7A,GTEx,EUR,EUR,EUR,1.0,0.38
GTEX-18A7B,GTEx,EUR,EUR,EUR,1.0,0.4
GTEX-18D9A,GTEx,EUR,EUR,EUR,1.0,0.37
GTEX-18D9B,GTEx,EUR,EUR,EUR,0.8043221292604784,0.4
GTEX-18D9U,GTEx,AMR,AMR,AMR,1.0,0.96
GTEX-18QFQ,GTEx,AFR,AFR,AFR,1.0,0.8
GTEX-1A32A,GTEx,EUR,EUR,EUR,1.0,0.41
GTEX-1A3MV,GTEx,EUR,AFR,EUR,1.0,0.38
GTEX-1A3MW,GTEx,EUR,EUR,EUR,1.0,0.36
GTEX-1A3MX,GTEx,EUR,EUR,EUR,1.0,0.37
GTEX-1A8FM,GTEx,EUR,EUR,EUR,1.0,0.39
GTEX-1A8G6,GTEx,EUR,AFR,EUR,1.0,0.33
GTEX-1A8G7,GTEx,EUR,EUR,EUR,1.0,0.31
GTEX-1AMEY,GTEx,EUR,EUR,EUR,1.0,0.33
GTEX-1AMFI,GTEx,EUR,AFR,EUR,1.0,0.4
GTEX-1AX8Z,GTEx,EUR,EUR,EUR,1.0,0.38
GTEX-1AX9I,GTEx,EUR,EUR,EUR,1.0,0.4
GTEX-1AX9J,GTEx,EUR,EUR,EUR,1.0,0.44
GTEX-1AX9K,GTEx,EUR,AFR,EUR,1.0,0.28
GTEX-1AYCT,GTEx,EUR,AFR,EUR,1.0,0.37
GTEX-1AYD5,GTEx,AFR,AFR,AFR,1.0,0.81
GTEX-1B8KE,GTEx,EUR,AFR,EUR,1.0,0.32
GTEX-1B8KZ,GTEx,EUR,EUR,EUR,1.0,0.33
GTEX-1B8L1,GTEx,EUR,EUR,EUR,1.0,0.38
GTEX-1B8SF,GTEx,EUR,EUR,EUR,1.0,0.41
GTEX-1B8SG,GTEx,EUR,EUR,EUR,1.0,0.32
GTEX-1B932,GTEx,EUR,EUR,EUR,1.0,0.45
GTEX-1B933,GTEx,EUR,EUR,EUR,1.0,0.43
GTEX-1B97I,GTEx,EUR,AFR,EUR,1.0,0.32
GTEX-1B97J,GTEx,EUR,EUR,EUR,1.0,0.36
GTEX-1B996,GTEx,EUR,EUR,EUR,1.0,0.34
GTEX-1BAJH,GTEx,EUR,EUR,EUR,1.0,0.37
GTEX-1C2JI,GTEx,EUR,EUR,EUR,1.0,0.35
GTEX-1C475,GTEx,EUR,EUR,EUR,1.0,0.35
GTEX-1C4CL,GTEx,EAS,EAS,EAS,1.0,0.96
GTEX-1C64N,GTEx,EUR,EUR,EUR,1.0,0.34
GTEX-1C64O,GTEx,AFR,AFR,AFR,1.0,0.77
GTEX-1C6VQ,GTEx,EUR,AFR,EUR,1.0,0.31
GTEX-1C6VR,GTEx,EUR,EUR,EUR,1.0,0.32
GTEX-1C6WA,GTEx,EUR,EUR,EUR,1.0,0.4
GTEX-1CAMQ,GTEx,EUR,EUR,EUR,1.0,0.42
GTEX-1CAMR,GTEx,EUR,EUR,EUR,1.0,0.38
GTEX-1CAMS,GTEx,EAS,EAS,EAS,1.0,0.88
GTEX-1CAV2,GTEx,AFR,AFR,AFR,1.0,0.78
GTEX-1CB4E,GTEx,EUR,EUR,EUR,1.0,0.37
GTEX-1CB4F,GTEx,EUR,EUR,EUR,1.0,0.37
GTEX-1CB4G,GTEx,EUR,EUR,EUR,1.0,0.46
GTEX-1CB4H,GTEx,EUR,EUR,EUR,1.0,0.37
GTEX-1CB4I,GTEx,EUR,EUR,EUR,1.0,0.42
GTEX-1CB4J,GTEx,EUR,EUR,EUR,1.0,0.33
GTEX-1E1VI,GTEx,EUR,AFR,EUR,1.0,0.44
GTEX-1E2YA,GTEx,EUR,EUR,EUR,1.0,0.4
GTEX-1EH9U,GTEx,EUR,EUR,EUR,1.0,0.39
GTEX-1EKGG,GTEx,EUR,EUR,EUR,1.0,0.32
GTEX-1EMGI,GTEx,AFR,AFR,AFR,1.0,0.96
GTEX-1EN7A,GTEx,EUR,EUR,EUR,1.0,0.36
GTEX-1EU9M,GTEx,EUR,AFR,EUR,1.0,0.41
GTEX-1EWIQ,GTEx,EUR,AFR,EUR,1.0,0.3
GTEX-1EX96,GTEx,EUR,EUR,EUR,1.0,0.4
GTEX-1F48J,GTEx,EUR,EUR,EUR,0.8025654178986941,0.34
GTEX-1F52S,GTEx,EUR,EUR,EUR,1.0,0.4
GTEX-1F5PK,GTEx,EUR,AFR,EUR,1.0,0.31
GTEX-1F5PL,GTEx,EUR,AFR,EUR,1.0,0.33
GTEX-1F6I4,GTEx,AFR,AFR,AFR,1.0,0.82
GTEX-1F6IF,GTEx,EUR,EUR,EUR,1.0,0.39
GTEX-1F6RS,GTEx,EUR,AFR,EUR,1.0,0.33
GTEX-1F75A,GTEx,EUR,EUR,EUR,1.0,0.35
GTEX-1F75B,GTEx,EUR,EUR,EUR,1.0,0.39
GTEX-1F75I,GTEx,AFR,AFR,AFR,1.0,0.81
GTEX-1F75W,GTEx,EUR,EUR,EUR,1.0,0.36
GTEX-1F7RK,GTEx,EUR,EUR,EUR,1.0,0.34
GTEX-1F88E,GTEx,EUR,EUR,EUR,1.0,0.34
GTEX-1F88F,GTEx,EUR,EUR,EUR,1.0,0.35
GTEX-1FIGZ,GTEx,EUR,EUR,EUR,1.0,0.37
GTEX-1GF9U,GTEx,EUR,EUR,EUR,1.0,0.35
GTEX-1GF9V,GTEx,EUR,AFR,EUR,1.0,0.3
GTEX-1GF9W,GTEx,EUR,EUR,EUR,1.0,0.38
GTEX-1GF9X,GTEx,AMR,AMR,AMR,1.0,0.89
GTEX-1GL5R,GTEx,EUR,EUR,EUR,1.0,0.41
GTEX-1GMR2,GTEx,AFR,AFR,AFR,1.0,0.85
GTEX-1GMR3,GTEx,EUR,EUR,EUR,1.0,0.34
GTEX-1GMR8,GTEx,EUR,EUR,EUR,1.0,0.37
GTEX-1GMRU,GTEx,EUR,EUR,EUR,1.0,0.37
GTEX-1GN1U,GTEx,EUR,EUR,EUR,1.0,0.41
GTEX-1GN1V,GTEx,EUR,EUR,EUR,1.0,0.34
GTEX-1GN1W,GTEx,EUR,EUR,EUR,1.0,0.39
GTEX-1GN2E,GTEx,EUR,EUR,EUR,1.0,0.4
GTEX-1GN73,GTEx,EUR,EUR,EUR,0.8031065637981277,0.35
GTEX-1GPI6,GTEx,EUR,EUR,EUR,1.0,0.37
GTEX-1GPI7,GTEx,EUR,EUR,EUR,1.0,0.35
GTEX-1GTWX,GTEx,EUR,AFR,EUR,1.0,0.38
GTEX-1GZ2Q,GTEx,EUR,EUR,EUR,1.0,0.32
GTEX-1GZ4H,GTEx,AFR,AFR,AFR,1.0,0.76
GTEX-1GZ4I,GTEx,EUR,EUR,EUR,1.0,0.45
GTEX-1GZHY,GTEx,EUR,EUR,EUR,1.0,0.35
GTEX-1H11D,GTEx,EUR,EUR,EUR,1.0,0.45
GTEX-1H1DE,GTEx,EUR,EUR,EUR,0.8023218720153505,0.33
GTEX-1H1DF,GTEx,EUR,EUR,EUR,1.0,0.43
GTEX-1H1DG,GTEx,EUR,AFR,EUR,1.0,0.32
GTEX-1H1E6,GTEx,EUR,AFR,EUR,1.0,0.34
GTEX-1H1ZS,GTEx,EUR,EUR,EUR,1.0,0.38
GTEX-1H23P,GTEx,EUR,AFR,EUR,1.0,0.41
GTEX-1H2FU,GTEx,EUR,EUR,EUR,1.0,0.43
GTEX-1H3NZ,GTEx,EUR,EUR,EUR,1.0,0.38
GTEX-1H3O1,GTEx,EUR,EUR,EUR,1.0,0.36
GTEX-1H3VE,GTEx,EUR,EUR,EUR,1.0,0.37
GTEX-1H3VY,GTEx,EUR,EUR,EUR,1.0,0.33
GTEX-1H4P4,GTEx,EUR,EUR,EUR,1.0,0.33
GTEX-1HB9E,GTEx,EUR,EUR,EUR,1.0,0.34
GTEX-1HBPH,GTEx,EUR,EUR,EUR,1.0,0.4
GTEX-1HBPI,GTEx,EUR,EUR,EUR,1.0,0.41
GTEX-1HBPM,GTEx,EUR,EUR,EUR,1.0,0.32
GTEX-1HBPN,GTEx,AFR,AFR,AFR,1.0,0.77
GTEX-1HC8U,GTEx,AFR,AFR,AFR,1.0,0.96
GTEX-1HCU6,GTEx,EUR,AFR,EUR,1.0,0.32
GTEX-1HCU7,GTEx,EUR,EUR,EUR,1.0,0.37
GTEX-1HCU8,GTEx,EUR,EUR,EUR,1.0,0.4
GTEX-1HCU9,GTEx,EUR,EUR,EUR,1.0,0.36
GTEX-1HCUA,GTEx,AFR,AFR,AFR,1.0,0.81
GTEX-1HCVE,GTEx,EUR,EUR,EUR,1.0,0.4
GTEX-1HFI6,GTEx,AFR,AFR,AFR,1.0,0.79
GTEX-1HFI7,GTEx,EUR,EUR,EUR,1.0,0.32
GTEX-1HGF4,GTEx,EUR,AFR,EUR,1.0,0.38
GTEX-1HKZK,GTEx,EUR,AFR,EUR,1.0,0.32
GTEX-1HR98,GTEx,EUR,AFR,EUR,1.0,0.29
GTEX-1HR9M,GTEx,EUR,EUR,EUR,1.0,0.36
GTEX-1HSEH,GTEx,EUR,EUR,EUR,1.0,0.36
GTEX-1HSGN,GTEx,AFR,AFR,AFR,1.0,0.83
GTEX-1HSKV,GTEx,EUR,EUR,EUR,1.0,0.38
GTEX-1HSMO,GTEx,EUR,EUR,EUR,1.0,0.37
GTEX-1HSMP,GTEx,AFR,AFR,AFR,1.0,0.84
GTEX-1HSMQ,GTEx,AFR,AFR,AFR,1.0,0.83
GTEX-1HT8W,GTEx,EUR,EUR,EUR,1.0,0.35
GTEX-1HUB1,GTEx,EUR,AFR,EUR,1.0,0.42
GTEX-1I19N,GTEx,EUR,AFR,EUR,1.0,0.35
GTEX-1I1CD,GTEx,EUR,EUR,EUR,1.0,0.38
GTEX-1I1GP,GTEx,EUR,EUR,EUR,1.0,0.31
GTEX-1I1GQ,GTEx,EUR,EUR,EUR,1.0,0.36
GTEX-1I1GR,GTEx,EUR,AFR,EUR,1.0,0.32
GTEX-1I1GS,GTEx,EUR,AFR,EUR,1.0,0.34
GTEX-1I1GT,GTEx,EUR,EUR,EUR,1.0,0.33
GTEX-1I1GU,GTEx,AMR,AMR,AMR,1.0,0.41
GTEX-1I1GV,GTEx,EUR,AFR,EUR,1.0,0.35
GTEX-1I1HK,GTEx,EUR,EUR,EUR,1.0,0.41
GTEX-1I4MK,GTEx,EUR,EUR,EUR,1.0,0.34
GTEX-1I6K6,GTEx,AMR,AMR,AMR,1.0,0.72
GTEX-1I6K7,GTEx,EUR,EUR,EUR,1.0,0.3
GTEX-1ICG6,GTEx,EUR,AFR,EUR,1.0,0.34
GTEX-1ICLY,GTEx,EUR,EUR,EUR,1.0,0.36
GTEX-1ICLZ,GTEx,EUR,EUR,EUR,1.0,0.4
GTEX-1IDFM,GTEx,EUR,EUR,EUR,1.0,0.47
GTEX-1IDJC,GTEx,AMR,AMR,AMR,1.0,0.98
GTEX-1IDJD,GTEx,EUR,AFR,EUR,1.0,0.41
GTEX-1IDJE,GTEx,EUR,AFR,EUR,1.0,0.31
GTEX-1IDJF,GTEx,EUR,EUR,EUR,1.0,0.43
GTEX-1IDJH,GTEx,EUR,EUR,EUR,1.0,0.34
GTEX-1IDJI,GTEx,AFR,AFR,AFR,1.0,0.76
GTEX-1IDJU,GTEx,EUR,EUR,EUR,1.0,0.33
GTEX-1IDJV,GTEx,EUR,AFR,EUR,1.0,0.41
GTEX-1IE54,GTEx,EUR,AFR,EUR,1.0,0.46
GTEX-1IGQW,GTEx,EUR,AFR,EUR,1.0,0.33
GTEX-1IKJJ,GTEx,EUR,AFR,EUR,1.0,0.36
GTEX-1IKK5,GTEx,AFR,AFR,AFR,1.0,0.78
GTEX-1IKOE,GTEx,AFR,AFR,AFR,1.0,0.82
GTEX-1IKOH,GTEx,EUR,AFR,EUR,1.0,0.33
GTEX-1IL2U,GTEx,AFR,AFR,AFR,1.0,0.8
GTEX-1IL2V,GTEx,AFR,AFR,AFR,1.0,0.79
GTEX-1IOXB,GTEx,EUR,AFR,EUR,1.0,0.32
GTEX-1IY9M,GTEx,EUR,EUR,EUR,1.0,0.34
GTEX-1J1OQ,GTEx,EUR,EUR,EUR,1.0,0.39
GTEX-1J1R8,GTEx,EUR,EUR,EUR,1.0,0.34
GTEX-1J8EW,GTEx,EUR,EUR,EUR,1.0,0.37
GTEX-1J8JJ,GTEx,EUR,EUR,EUR,1.0,0.31
GTEX-1J8Q2,GTEx,EUR,EUR,EUR,1.0,0.35
GTEX-1J8Q3,GTEx,EUR,EUR,EUR,0.803734526126969,0.4
GTEX-1J8QM,GTEx,EUR,AFR,EUR,1.0,0.39
GTEX-1JJ6O,GTEx,EUR,EUR,EUR,1.0,0.33
GTEX-1JJEA,GTEx,EUR,EUR,EUR,1.0,0.41
GTEX-1JK1U,GTEx,EUR,EUR,EUR,1.0,0.34
GTEX-1JKYN,GTEx,EUR,EUR,EUR,1.0,0.32
GTEX-1JKYR,GTEx,EUR,EUR,EUR,1.0,0.4
GTEX-1JMLX,GTEx,AFR,AFR,AFR,1.0,0.77
GTEX-1JMOU,GTEx,EUR,EUR,EUR,1.0,0.35
GTEX-1JMPY,GTEx,AFR,AFR,AFR,1.0,0.6
GTEX-1JMPZ,GTEx,AFR,AFR,AFR,1.0,0.79
GTEX-1JMQI,GTEx,EUR,EUR,EUR,1.0,0.38
GTEX-1JMQJ,GTEx,EUR,EUR,EUR,1.0,0.37
GTEX-1JMQK,GTEx,EUR,EUR,EUR,1.0,0.33
GTEX-1JMQL,GTEx,AFR,AFR,AFR,1.0,0.81
GTEX-1JN1M,GTEx,EUR,EUR,EUR,1.0,0.34
GTEX-1JN6P,GTEx,EUR,EUR,EUR,1.0,0.36
GTEX-1JN76,GTEx,EUR,EUR,EUR,1.0,0.33
GTEX-1K2DA,GTEx,EUR,EUR,EUR,0.8025550587680625,0.4
GTEX-1K2DU,GTEx,EUR,AFR,EUR,1.0,0.44
GTEX-1K9T9,GTEx,EUR,EUR,EUR,1.0,0.42
GTEX-1KAFJ,GTEx,EAS,EAS,EAS,1.0,0.98
GTEX-1KANA,GTEx,EUR,EUR,EUR,0.8003504448757994,0.32
GTEX-1KANB,GTEx,AFR,AFR,AFR,1.0,0.78
GTEX-1KANC,GTEx,AFR,AFR,AFR,1.0,0.8
GTEX-1KD4Q,GTEx,EUR,EUR,EUR,1.0,0.32
GTEX-1KD5A,GTEx,EUR,AFR,EUR,1.0,0.43
GTEX-1KWVE,GTEx,EUR,EUR,EUR,1.0,0.36
GTEX-1KXAM,GTEx,EUR,EUR,EUR,1.0,0.38
GTEX-1L5NE,GTEx,EUR,EUR,EUR,1.0,0.31
GTEX-1LB8K,GTEx,EUR,EUR,EUR,1.0,0.33
GTEX-1LBAC,GTEx,AFR,AFR,AFR,1.0,0.78
GTEX-1LC47,GTEx,EUR,EUR,EUR,1.0,0.3
GTEX-1LG7Y,GTEx,EUR,EUR,EUR,1.0,0.35
GTEX-1LG7Z,GTEx,EUR,EUR,EUR,1.0,0.34
GTEX-1LGOU,GTEx,EUR,EUR,EUR,1.0,0.35
GTEX-1LGRB,GTEx,SAS,SAS,SAS,1.0,0.74
GTEX-1LH75,GTEx,EUR,AFR,EUR,1.0,0.35
GTEX-1LKK1,GTEx,EUR,EUR,EUR,1.0,0.37
GTEX-1LNCM,GTEx,EUR,EUR,EUR,1.0,0.41
GTEX-1LSNL,GTEx,EUR,EUR,EUR,1.0,0.39
GTEX-1LSNM,GTEx,EUR,EUR,EUR,1.0,0.39
GTEX-1LSVX,GTEx,EUR,EUR,EUR,1.0,0.33
GTEX-1LVA9,GTEx,EUR,EUR,EUR,1.0,0.39
GTEX-1LVAM,GTEx,EUR,EUR,EUR,1.0,0.42
GTEX-1LVAN,GTEx,EAS,EAS,EAS,1.0,0.92
GTEX-1LVAO,GTEx,EUR,AMR,EUR,1.0,0.32
GTEX-1M4P7,GTEx,EUR,EUR,EUR,1.0,0.43
GTEX-1M5QR,GTEx,EUR,EUR,EUR,1.0,0.41
GTEX-1MA7W,GTEx,EUR,EUR,EUR,1.0,0.33
GTEX-1MA7X,GTEx,EUR,EUR,EUR,1.0,0.39
GTEX-1MCC2,GTEx,AFR,AFR,AFR,1.0,0.83
GTEX-1MCQQ,GTEx,EUR,EUR,EUR,1.0,0.38
GTEX-1MCYP,GTEx,EUR,EUR,EUR,1.0,0.33
GTEX-1MGNQ,GTEx,EUR,EUR,EUR,1.0,0.31
GTEX-1MJIX,GTEx,EUR,EUR,EUR,1.0,0.38
GTEX-1MJK2,GTEx,EUR,EUR,EUR,1.0,0.36
GTEX-1MJK3,GTEx,EUR,EUR,EUR,1.0,0.41
GTEX-1MUQO,GTEx,EUR,EUR,EUR,1.0,0.44
GTEX-1N2DV,GTEx,AFR,AFR,AFR,1.0,0.74
GTEX-1N2DW,GTEx,EUR,EUR,EUR,1.0,0.34
GTEX-1N2EE,GTEx,EUR,EUR,EUR,1.0,0.39
GTEX-1N2EF,GTEx,EUR,EUR,EUR,1.0,0.39
GTEX-1N5O9,GTEx,EUR,AMR,EUR,1.0,0.33
GTEX-1NHNU,GTEx,AFR,AFR,AFR,1.0,0.8
GTEX-1NSGN,GTEx,AFR,AFR,AFR,1.0,0.82
GTEX-1NUQO,GTEx,EUR,EUR,EUR,1.0,0.36
GTEX-1NV5F,GTEx,EUR,EUR,EUR,1.0,0.41
GTEX-1NV8Z,GTEx,EUR,EUR,EUR,1.0,0.32
GTEX-1O97I,GTEx,EUR,EUR,EUR,1.0,0.43
GTEX-1O9I2,GTEx,EUR,EUR,EUR,1.0,0.32
GTEX-1OFPY,GTEx,EUR,EUR,EUR,1.0,0.35
GTEX-1OJC3,GTEx,AFR,AFR,AFR,1.0,0.76
GTEX-1OJC4,GTEx,EUR,EUR,EUR,1.0,0.36
GTEX-1OKEX,GTEx,EUR,EUR,EUR,1.0,0.41
GTEX-1P4AB,GTEx,EUR,EUR,EUR,1.0,0.32
GTEX-1PBJI,GTEx,EUR,AFR,EUR,1.0,0.32
GTEX-1PBJJ,GTEx,EUR,AFR,EUR,1.0,0.39
GTEX-1PDJ9,GTEx,EUR,EUR,EUR,1.0,0.36
GTEX-1PFEY,GTEx,EUR,EUR,EUR,1.0,0.39
GTEX-1PIEJ,GTEx,EUR,EUR,Uncertain,0.5988810918977576,0.41
GTEX-1PIGE,GTEx,AMR,AMR,AMR,1.0,0.72
GTEX-1PIIG,GTEx,EUR,EUR,EUR,1.0,0.42
GTEX-1POEN,GTEx,EUR,EUR,EUR,1.0,0.37
GTEX-1PPGY,GTEx,EUR,EUR,EUR,1.0,0.4
GTEX-1PPH7,GTEx,EUR,EUR,EUR,1.0,0.33
GTEX-1PPH8,GTEx,AFR,AFR,AFR,1.0,0.81
GTEX-1PWST,GTEx,EUR,AFR,EUR,1.0,0.34
GTEX-1QAET,GTEx,EUR,EUR,EUR,1.0,0.41
GTEX-1QCLY,GTEx,AFR,AFR,AFR,1.0,0.81
GTEX-1QCLZ,GTEx,EUR,EUR,EUR,1.0,0.4
GTEX-1QEPI,GTEx,EUR,EUR,EUR,1.0,0.38
GTEX-1QMI2,GTEx,EUR,EUR,EUR,1.0,0.39
GTEX-1QP28,GTEx,EUR,EUR,EUR,1.0,0.38
GTEX-1QP29,GTEx,EUR,AFR,EUR,1.0,0.31
GTEX-1QP2A,GTEx,EUR,EUR,EUR,1.0,0.33
GTEX-1QP66,GTEx,EUR,EUR,EUR,1.0,0.36
GTEX-1QP67,GTEx,EUR,AFR,EUR,1.0,0.33
GTEX-1QP6S,GTEx,EUR,AFR,EUR,1.0,0.39
GTEX-1QP9N,GTEx,AMR,AMR,AMR,1.0,0.88
GTEX-1QPFJ,GTEx,EUR,EUR,EUR,1.0,0.31
GTEX-1QW4Y,GTEx,EUR,EUR,EUR,1.0,0.43
GTEX-1R46S,GTEx,EUR,EUR,EUR,1.0,0.39
GTEX-1R7EU,GTEx,EUR,EUR,EUR,1.0,0.35
GTEX-1R7EV,GTEx,EUR,AMR,EUR,1.0,0.42
GTEX-1R9JW,GTEx,EUR,EUR,EUR,1.0,0.37
GTEX-1R9K4,GTEx,EUR,EUR,EUR,1.0,0.37
GTEX-1R9K5,GTEx,EUR,EUR,EUR,1.0,0.36
GTEX-1R9PM,GTEx,EUR,EUR,EUR,1.0,0.36
GTEX-1R9PN,GTEx,EUR,EUR,Uncertain,0.6000110717313527,0.4
GTEX-1R9PO,GTEx,EUR,EUR,EUR,1.0,0.36
GTEX-1RAZA,GTEx,EUR,EUR,EUR,1.0,0.32
GTEX-1RAZQ,GTEx,EUR,AFR,EUR,1.0,0.3
GTEX-1RAZR,GTEx,EUR,EUR,EUR,1.0,0.33
GTEX-1RAZS,GTEx,AFR,AFR,AFR,1.0,0.8
GTEX-1RB15,GTEx,EUR,AFR,EUR,1.0,0.35
GTEX-1RDX4,GTEx,EUR,EUR,EUR,1.0,0.42
GTEX-1RLM8,GTEx,EUR,EUR,EUR,1.0,0.43
GTEX-1RMOY,GTEx,EAS,AMR,EAS,1.0,0.41
GTEX-1RNSC,GTEx,EUR,EUR,EUR,1.0,0.39
GTEX-1RNTQ,GTEx,AFR,AFR,AFR,1.0,0.82
GTEX-1RQEC,GTEx,EUR,EUR,EUR,1.0,0.43
GTEX-1RQED,GTEx,EUR,EUR,EUR,1.0,0.43
GTEX-1S3DN,GTEx,EUR,AFR,EUR,1.0,0.34
GTEX-1S5VW,GTEx,EUR,EUR,EUR,1.0,0.42
GTEX-1S5ZA,GTEx,AFR,AFR,AFR,1.0,0.81
GTEX-1S5ZU,GTEx,EUR,EUR,EUR,1.0,0.34
GTEX-1S82P,GTEx,EUR,AFR,EUR,1.0,0.33
GTEX-1S82U,GTEx,EUR,EUR,EUR,1.0,0.33
GTEX-1S82Z,GTEx,EUR,EUR,EUR,1.0,0.38
GTEX-1S831,GTEx,AFR,AFR,AFR,0.8096265888920358,0.45
GTEX-1S83E,GTEx,EUR,EUR,EUR,1.0,0.38
GTEX-N7MS,GTEx,EUR,EUR,EUR,1.0,0.35
GTEX-N7MT,GTEx,EUR,AFR,EUR,1.0,0.38
GTEX-NFK9,GTEx,AFR,AFR,AFR,1.0,0.79
GTEX-NL3H,GTEx,AFR,AFR,AFR,1.0,0.68
GTEX-NL4W,GTEx,EUR,EUR,EUR,1.0,0.36
GTEX-NPJ7,GTEx,EUR,EUR,EUR,1.0,0.35
GTEX-NPJ8,GTEx,EUR,EUR,EUR,1.0,0.39
GTEX-O5YT,GTEx,EUR,AFR,EUR,1.0,0.34
GTEX-O5YU,GTEx,EUR,EUR,EUR,1.0,0.31
GTEX-O5YV,GTEx,EUR,AMR,EUR,1.0,0.3
GTEX-O5YW,GTEx,EUR,EUR,EUR,1.0,0.34
GTEX-OHPK,GTEx,AFR,AFR,AFR,1.0,0.81
GTEX-OHPL,GTEx,EUR,EUR,EUR,1.0,0.4
GTEX-OHPM,GTEx,EUR,EUR,EUR,1.0,0.31
GTEX-OHPN,GTEx,EUR,EUR,EUR,1.0,0.32
GTEX-OIZF,GTEx,EUR,EUR,EUR,1.0,0.35
GTEX-OIZG,GTEx,EUR,AFR,EUR,1.0,0.45
GTEX-OIZH,GTEx,EUR,EUR,EUR,1.0,0.36
GTEX-OIZI,GTEx,EUR,EUR,EUR,1.0,0.36
GTEX-OOBJ,GTEx,AFR,AFR,AFR,1.0,0.75
GTEX-OOBK,GTEx,EUR,AFR,EUR,1.0,0.34
GTEX-OXRK,GTEx,EUR,EUR,EUR,1.0,0.42
GTEX-OXRL,GTEx,EUR,EUR,EUR,1.0,0.37
GTEX-OXRN,GTEx,EUR,AFR,EUR,1.0,0.32
GTEX-OXRO,GTEx,EUR,EUR,EUR,1.0,0.31
GTEX-OXRP,GTEx,EUR,EUR,EUR,1.0,0.3
GTEX-P44H,GTEx,EUR,EUR,EUR,1.0,0.42
GTEX-P4PP,GTEx,EUR,EUR,EUR,1.0,0.37
GTEX-P4PQ,GTEx,EUR,AFR,EUR,1.0,0.31
GTEX-P4QS,GTEx,AFR,AFR,AFR,1.0,0.89
GTEX-P4QT,GTEx,EUR,EUR,EUR,1.0,0.35
GTEX-P78B,GTEx,EUR,EUR,EUR,1.0,0.39
GTEX-PLZ4,GTEx,EUR,EUR,EUR,1.0,0.41
GTEX-PLZ5,GTEx,EUR,AFR,EUR,1.0,0.39
GTEX-PLZ6,GTEx,EUR,AFR,EUR,1.0,0.35
GTEX-POMQ,GTEx,AFR,AFR,AFR,1.0,0.8
GTEX-POYW,GTEx,EUR,EUR,EUR,1.0,0.3
GTEX-PSDG,GTEx,EUR,EUR,EUR,1.0,0.37
GTEX-PVOW,GTEx,EUR,EUR,EUR,1.0,0.43
GTEX-PW2O,GTEx,EUR,AFR,EUR,1.0,0.29
GTEX-PWCY,GTEx,EUR,EUR,EUR,1.0,0.39
GTEX-PWN1,GTEx,EUR,EUR,EUR,1.0,0.42
GTEX-PWO3,GTEx,EUR,AFR,EUR,1.0,0.31
GTEX-PX3G,GTEx,EUR,EUR,EUR,1.0,0.32
GTEX-Q2AG,GTEx,EUR,EUR,EUR,1.0,0.34
GTEX-Q2AH,GTEx,AFR,AFR,AFR,1.0,0.79
GTEX-Q2AI,GTEx,EUR,EUR,EUR,1.0,0.32
GTEX-Q734,GTEx,EUR,EUR,EUR,1.0,0.38
GTEX-QCQG,GTEx,EUR,EUR,EUR,1.0,0.37
GTEX-QDT8,GTEx,EUR,EUR,EUR,1.0,0.41
GTEX-QDVJ,GTEx,EUR,EUR,EUR,1.0,0.31
GTEX-QDVN,GTEx,EUR,EUR,EUR,1.0,0.39
GTEX-QEG4,GTEx,EUR,EUR,EUR,1.0,0.37
GTEX-QEG5,GTEx,EUR,AFR,EUR,1.0,0.32
GTEX-QEL4,GTEx,EUR,EUR,EUR,1.0,0.4
GTEX-QESD,GTEx,EUR,EUR,EUR,1.0,0.38
GTEX-QLQ7,GTEx,EAS,EAS,EAS,1.0,0.98
GTEX-QLQW,GTEx,AFR,AFR,AFR,1.0,0.54
GTEX-QMR6,GTEx,EUR,EUR,EUR,1.0,0.34
GTEX-QMRM,GTEx,EUR,AFR,EUR,1.0,0.29
GTEX-QV31,GTEx,EUR,EUR,EUR,1.0,0.35
GTEX-QV44,GTEx,EUR,AMR,EUR,1.0,0.28
GTEX-QVJO,GTEx,EUR,EUR,EUR,1.0,0.37
GTEX-QVUS,GTEx,EUR,EUR,EUR,1.0,0.45
GTEX-QXCU,GTEx,EUR,EUR,EUR,1.0,0.4
GTEX-R3RS,GTEx,EUR,EUR,EUR,1.0,0.32
GTEX-R45C,GTEx,EUR,AFR,EUR,1.0,0.44
GTEX-R53T,GTEx,EUR,EUR,Uncertain,0.5917625731402276,0.31
GTEX-R55C,GTEx,EUR,EUR,EUR,1.0,0.35
GTEX-R55D,GTEx,AMR,AMR,AMR,1.0,0.65
GTEX-R55E,GTEx,EUR,AFR,EUR,1.0,0.3
GTEX-R55F,GTEx,EUR,EUR,EUR,1.0,0.43
GTEX-R55G,GTEx,EUR,EUR,EUR,1.0,0.37
GTEX-REY6,GTEx,EUR,EUR,EUR,1.0,0.33
GTEX-RM2N,GTEx,EUR,EUR,EUR,1.0,0.38
GTEX-RN5K,GTEx,EUR,AFR,EUR,1.0,0.33
GTEX-RN64,GTEx,EUR,EUR,EUR,1.0,0.43
GTEX-RNOR,GTEx,EUR,EUR,EUR,1.0,0.39
GTEX-RTLS,GTEx,EUR,EUR,EUR,1.0,0.39
GTEX-RU1J,GTEx,AFR,AFR,AFR,1.0,0.77
GTEX-RU72,GTEx,EAS,EAS,EAS,1.0,0.95
GTEX-RUSQ,GTEx,EUR,EUR,EUR,1.0,0.4
GTEX-RVPV,GTEx,EUR,EUR,EUR,1.0,0.35
GTEX-RWS6,GTEx,EUR,AFR,EUR,1.0,0.32
GTEX-RWSA,GTEx,EUR,EUR,EUR,1.0,0.39
GTEX-S32W,GTEx,EUR,AFR,EUR,1.0,0.31
GTEX-S33H,GTEx,EUR,EUR,Uncertain,0.6025815032316867,0.31
GTEX-S341,GTEx,AFR,AFR,AFR,1.0,0.79
GTEX-S3LF,GTEx,EUR,EUR,Uncertain,0.6044944880901102,0.37
GTEX-S3XE,GTEx,EUR,EUR,EUR,1.0,0.4
GTEX-S4P3,GTEx,EUR,EUR,EUR,1.0,0.37
GTEX-S4Q7,GTEx,EUR,EUR,EUR,1.0,0.41
GTEX-S4UY,GTEx,EUR,EUR,EUR,1.0,0.35
GTEX-S4Z8,GTEx,EUR,EUR,EUR,1.0,0.43
GTEX-S7PM,GTEx,AMR,AMR,AMR,0.77149377744667,0.91
GTEX-S7SE,GTEx,EUR,EUR,EUR,1.0,0.35
GTEX-S7SF,GTEx,EUR,AFR,EUR,1.0,0.3
GTEX-S95S,GTEx,EUR,AFR,EUR,1.0,0.34
GTEX-SE5C,GTEx,EUR,EUR,EUR,1.0,0.31
GTEX-SIU8,GTEx,EUR,EUR,EUR,1.0,0.33
GTEX-SJXC,GTEx,EUR,AFR,EUR,1.0,0.37
GTEX-SN8G,GTEx,EUR,EUR,EUR,1.0,0.34
GTEX-SNMC,GTEx,EUR,EUR,EUR,1.0,0.32
GTEX-SNOS,GTEx,AFR,AFR,AFR,1.0,0.74
GTEX-SSA3,GTEx,AFR,AFR,AFR,1.0,0.82
GTEX-SUCS,GTEx,EUR,EUR,EUR,1.0,0.38
GTEX-T2IS,GTEx,EUR,EUR,EUR,1.0,0.43
GTEX-T2YK,GTEx,AFR,AFR,AFR,1.0,0.81
GTEX-T5JC,GTEx,EUR,AFR,EUR,1.0,0.42
GTEX-T5JW,GTEx,EUR,AFR,EUR,1.0,0.41
GTEX-T6MN,GTEx,EUR,EUR,EUR,1.0,0.33
GTEX-T6MO,GTEx,EUR,EUR,EUR,1.0,0.37
GTEX-T8EM,GTEx,EUR,EUR,EUR,1.0,0.41
GTEX-TKQ1,GTEx,AFR,AFR,AFR,1.0,0.7
GTEX-TKQ2,GTEx,EUR,AFR,EUR,1.0,0.34
GTEX-TML8,GTEx,AFR,AFR,Uncertain,0.6223930104267642,0.59
GTEX-TMMY,GTEx,EUR,EUR,EUR,1.0,0.33
GTEX-TMZS,GTEx,EUR,EUR,EUR,1.0,0.35
GTEX-TSE9,GTEx,EUR,EUR,EUR,1.0,0.43
GTEX-U3ZG,GTEx,EUR,EUR,EUR,1.0,0.31
GTEX-U3ZH,GTEx,EUR,EUR,EUR,1.0,0.32
GTEX-U3ZM,GTEx,EUR,EUR,EUR,1.0,0.39
GTEX-U3ZN,GTEx,EUR,AFR,EUR,1.0,0.39
GTEX-U412,GTEx,AFR,AFR,AFR,1.0,0.78
GTEX-U4B1,GTEx,EUR,AFR,EUR,1.0,0.33
GTEX-U8T8,GTEx,EUR,EUR,EUR,1.0,0.34
GTEX-U8XE,GTEx,EUR,EUR,EUR,1.0,0.4
GTEX-UJHI,GTEx,AFR,AFR,AFR,1.0,0.81
GTEX-UJMC,GTEx,AFR,AFR,AFR,1.0,0.83
GTEX-UPJH,GTEx,EUR,EUR,EUR,1.0,0.34
GTEX-UPK5,GTEx,EUR,EUR,EUR,1.0,0.37
GTEX-UTHO,GTEx,EUR,EUR,EUR,1.0,0.43
GTEX-V1D1,GTEx,EUR,AFR,EUR,1.0,0.34
GTEX-V955,GTEx,EUR,AFR,EUR,1.0,0.37
GTEX-VJWN,GTEx,EUR,EUR,EUR,1.0,0.39
GTEX-VJYA,GTEx,AFR,AFR,AFR,1.0,0.77
GTEX-VUSG,GTEx,EUR,EUR,EUR,1.0,0.36
GTEX-VUSH,GTEx,AFR,AFR,AFR,1.0,0.79
GTEX-W5WG,GTEx,EUR,EUR,EUR,1.0,0.36
GTEX-W5X1,GTEx,AFR,AFR,AFR,1.0,0.84
GTEX-WCDI,GTEx,AFR,AFR,AFR,1.0,0.81
GTEX-WEY5,GTEx,EUR,EUR,EUR,1.0,0.4
GTEX-WFG7,GTEx,EUR,EUR,EUR,1.0,0.41
GTEX-WFG8,GTEx,EUR,EUR,EUR,1.0,0.35
GTEX-WFJO,GTEx,EUR,EUR,EUR,1.0,0.36
GTEX-WFON,GTEx,EUR,EUR,EUR,1.0,0.42
GTEX-WH7G,GTEx,EUR,EUR,EUR,1.0,0.37
GTEX-WHPG,GTEx,AMR,AMR,AMR,1.0,0.98
GTEX-WHSB,GTEx,EUR,AFR,EUR,1.0,0.33
GTEX-WHSE,GTEx,EUR,EUR,EUR,0.8027759157637621,0.37
GTEX-WHWD,GTEx,EUR,EUR,EUR,1.0,0.46
GTEX-WI4N,GTEx,EUR,EUR,EUR,1.0,0.41
GTEX-WK11,GTEx,EUR,EUR,EUR,1.0,0.36
GTEX-WL46,GTEx,EUR,EUR,EUR,1.0,0.3
GTEX-WOFL,GTEx,EUR,EUR,EUR,1.0,0.38
GTEX-WOFM,GTEx,EUR,EUR,EUR,1.0,0.36
GTEX-WQUQ,GTEx,EUR,EUR,EUR,1.0,0.31
GTEX-WRHK,GTEx,EUR,EUR,EUR,1.0,0.31
GTEX-WRHU,GTEx,EUR,EUR,EUR,1.0,0.37
GTEX-WVJS,GTEx,EUR,EUR,Uncertain,0.6055812198511517,0.35
GTEX-WVLH,GTEx,EUR,EUR,EUR,1.0,0.35
GTEX-WWTW,GTEx,EUR,AFR,EUR,1.0,0.33
GTEX-WWYW,GTEx,EUR,AFR,EUR,1.0,0.33
GTEX-WXYG,GTEx,AFR,AFR,AFR,1.0,0.76
GTEX-WY7C,GTEx,EUR,EUR,EUR,1.0,0.39
GTEX-WYBS,GTEx,EUR,EUR,EUR,1.0,0.34
GTEX-WYJK,GTEx,EUR,AFR,EUR,1.0,0.34
GTEX-WYVS,GTEx,EUR,EUR,EUR,1.0,0.35
GTEX-WZTO,GTEx,EUR,EUR,EUR,1.0,0.39
GTEX-X15G,GTEx,EUR,EUR,EUR,1.0,0.45
GTEX-X261,GTEx,EUR,EUR,EUR,1.0,0.43
GTEX-X3Y1,GTEx,AFR,AFR,AFR,1.0,0.75
GTEX-X4EO,GTEx,EUR,AFR,EUR,1.0,0.34
GTEX-X4EP,GTEx,EUR,EUR,EUR,1.0,0.41
GTEX-X4LF,GTEx,EUR,EUR,EUR,1.0,0.33
GTEX-X4XX,GTEx,EUR,EUR,EUR,1.0,0.39
GTEX-X4XY,GTEx,EUR,EUR,EUR,1.0,0.32
GTEX-X585,GTEx,AFR,AFR,AFR,1.0,0.79
GTEX-X5EB,GTEx,EUR,EUR,EUR,1.0,0.38
GTEX-X62O,GTEx,EUR,EUR,EUR,1.0,0.34
GTEX-X638,GTEx,AFR,AFR,AFR,1.0,0.8
GTEX-X88G,GTEx,AFR,AFR,AFR,1.0,0.84
GTEX-X8HC,GTEx,EUR,EUR,EUR,1.0,0.35
GTEX-XAJ8,GTEx,EUR,AFR,EUR,1.0,0.29
GTEX-XBEC,GTEx,EUR,EUR,EUR,1.0,0.41
GTEX-XBED,GTEx,EUR,EUR,EUR,1.0,0.37
GTEX-XBEW,GTEx,EUR,EUR,EUR,1.0,0.34
GTEX-XGQ4,GTEx,EUR,EUR,EUR,1.0,0.38
GTEX-XK95,GTEx,EUR,EUR,EUR,1.0,0.45
GTEX-XLM4,GTEx,EUR,AFR,EUR,1.0,0.36
GTEX-XMD1,GTEx,EUR,AFR,EUR,1.0,0.33
GTEX-XMD2,GTEx,EUR,EUR,EUR,1.0,0.41
GTEX-XMD3,GTEx,AMR,AMR,AMR,1.0,0.7
GTEX-XMK1,GTEx,EUR,AFR,EUR,1.0,0.34
GTEX-XOT4,GTEx,EUR,EUR,EUR,1.0,0.34
GTEX-XPT6,GTEx,EUR,EUR,EUR,1.0,0.37
GTEX-XPVG,GTEx,EUR,EUR,EUR,1.0,0.43
GTEX-XQ3S,GTEx,EUR,EUR,EUR,1.0,0.36
GTEX-XQ8I,GTEx,EUR,EUR,EUR,1.0,0.43
GTEX-XUW1,GTEx,EUR,EUR,EUR,1.0,0.38
GTEX-XUYS,GTEx,AFR,AFR,AFR,1.0,0.83
GTEX-XUZC,GTEx,EUR,AFR,EUR,1.0,0.31
GTEX-XV7Q,GTEx,EUR,EUR,EUR,1.0,0.34
GTEX-XXEK,GTEx,EUR,EUR,EUR,1.0,0.39
GTEX-XYKS,GTEx,AFR,AFR,AFR,1.0,0.79
GTEX-Y111,GTEx,EUR,AFR,EUR,1.0,0.33
GTEX-Y114,GTEx,AFR,AFR,AFR,1.0,0.78
GTEX-Y3I4,GTEx,EUR,AFR,EUR,1.0,0.31
GTEX-Y3IK,GTEx,AFR,AFR,AFR,1.0,0.8
GTEX-Y5LM,GTEx,EUR,EUR,EUR,1.0,0.39
GTEX-Y5V5,GTEx,EUR,EUR,EUR,1.0,0.32
GTEX-Y5V6,GTEx,EUR,EUR,EUR,1.0,0.34
GTEX-Y8DK,GTEx,EUR,EUR,EUR,1.0,0.39
GTEX-Y8E4,GTEx,EUR,EUR,EUR,1.0,0.39
GTEX-Y8E5,GTEx,AFR,AFR,AFR,1.0,0.84
GTEX-Y8LW,GTEx,EUR,EUR,EUR,1.0,0.35
GTEX-Y9LG,GTEx,EUR,AFR,EUR,1.0,0.48
GTEX-YB5E,GTEx,AFR,AFR,AFR,1.0,0.38
GTEX-YB5K,GTEx,EUR,AFR,EUR,1.0,0.33
GTEX-YBZK,GTEx,AFR,AFR,AFR,1.0,0.75
GTEX-YEC3,GTEx,EUR,EUR,EUR,1.0,0.35
GTEX-YEC4,GTEx,EUR,EUR,EUR,1.0,0.32
GTEX-YECK,GTEx,EUR,AFR,EUR,1.0,0.31
GTEX-YF7O,GTEx,EUR,AFR,EUR,1.0,0.33
GTEX-YFC4,GTEx,EUR,EUR,EUR,1.0,0.44
GTEX-YFCO,GTEx,AMR,AMR,AMR,1.0,0.72
GTEX-YJ89,GTEx,EUR,EUR,EUR,1.0,0.34
GTEX-YJ8A,GTEx,EUR,EUR,EUR,1.0,0.31
GTEX-YJ8O,GTEx,EUR,EUR,EUR,1.0,0.37
GTEX-Z93S,GTEx,EUR,EUR,EUR,1.0,0.38
GTEX-Z93T,GTEx,AFR,AFR,AFR,1.0,0.8
GTEX-Z9EW,GTEx,EUR,EUR,EUR,1.0,0.42
GTEX-ZA64,GTEx,EUR,EUR,EUR,1.0,0.42
GTEX-ZAB4,GTEx,EUR,EUR,EUR,1.0,0.33
GTEX-ZAB5,GTEx,EUR,AFR,EUR,1.0,0.29
GTEX-ZAJG,GTEx,AFR,AFR,AFR,1.0,0.78
GTEX-ZAK1,GTEx,EUR,EUR,EUR,1.0,0.34
GTEX-ZAKK,GTEx,AFR,AFR,AFR,1.0,0.81
GTEX-ZC5H,GTEx,EUR,EUR,EUR,1.0,0.39
GTEX-ZDTS,GTEx,EUR,EUR,EUR,1.0,0.31
GTEX-ZDTT,GTEx,EUR,EUR,EUR,1.0,0.34
GTEX-ZDXO,GTEx,EUR,EUR,EUR,1.0,0.34
GTEX-ZDYS,GTEx,EUR,AFR,EUR,1.0,0.34
GTEX-ZE7O,GTEx,EUR,AFR,EUR,1.0,0.41
GTEX-ZE9C,GTEx,EUR,EUR,EUR,1.0,0.29
GTEX-ZEX8,GTEx,EUR,EUR,EUR,1.0,0.39
GTEX-ZF28,GTEx,EUR,AFR,EUR,1.0,0.35
GTEX-ZF29,GTEx,EUR,EUR,EUR,1.0,0.41
GTEX-ZF2S,GTEx,EUR,EUR,EUR,1.0,0.39
GTEX-ZF3C,GTEx,EUR,AFR,EUR,1.0,0.33
GTEX-ZG7Y,GTEx,EUR,AFR,EUR,1.0,0.37
GTEX-ZGAY,GTEx,EUR,EUR,EUR,1.0,0.37
GTEX-ZLFU,GTEx,AFR,AFR,AFR,1.0,0.79
GTEX-ZLV1,GTEx,EUR,EUR,EUR,1.0,0.38
GTEX-ZLWG,GTEx,AFR,AFR,AFR,1.0,0.72
GTEX-ZP4G,GTEx,EUR,AFR,EUR,1.0,0.33
GTEX-ZPCL,GTEx,EUR,EUR,EUR,1.0,0.35
GTEX-ZPIC,GTEx,EUR,EUR,EUR,1.0,0.36
GTEX-ZPU1,GTEx,AFR,AFR,AFR,1.0,0.73
GTEX-ZQG8,GTEx,EUR,EUR,EUR,1.0,0.35
GTEX-ZQUD,GTEx,AFR,AFR,AFR,1.0,0.78
GTEX-ZT9W,GTEx,EUR,EUR,EUR,1.0,0.36
GTEX-ZT9X,GTEx,EUR,EUR,EUR,1.0,0.37
GTEX-ZTPG,GTEx,EUR,EUR,EUR,1.0,0.37
GTEX-ZTSS,GTEx,EUR,EUR,EUR,1.0,0.41
GTEX-ZTTD,GTEx,EUR,EUR,EUR,1.0,0.45
GTEX-ZTX8,GTEx,AFR,AFR,AFR,1.0,0.82
GTEX-ZU9S,GTEx,EUR,EUR,EUR,1.0,0.38
GTEX-ZUA1,GTEx,EUR,EUR,EUR,1.0,0.43
GTEX-ZV68,GTEx,EUR,EUR,EUR,1.0,0.45
GTEX-ZV6S,GTEx,EUR,EUR,EUR,1.0,0.33
GTEX-ZV7C,GTEx,AFR,AFR,AFR,1.0,0.99
GTEX-ZVE1,GTEx,EUR,AFR,EUR,1.0,0.29
GTEX-ZVE2,GTEx,EUR,EUR,EUR,1.0,0.34
GTEX-ZVP2,GTEx,AFR,AFR,AFR,1.0,0.83
GTEX-ZVT2,GTEx,EUR,EUR,EUR,1.0,0.41
GTEX-ZVT3,GTEx,EUR,EUR,EUR,1.0,0.31
GTEX-ZVT4,GTEx,EUR,EUR,EUR,1.0,0.43
GTEX-ZVTK,GTEx,AFR,AFR,AFR,1.0,0.54
GTEX-ZVZO,GTEx,AFR,AFR,AFR,1.0,0.8
GTEX-ZVZP,GTEx,EUR,AFR,EUR,1.0,0.3
GTEX-ZVZQ,GTEx,EUR,EUR,EUR,1.0,0.34
GTEX-ZWKS,GTEx,EUR,EUR,EUR,1.0,0.34
GTEX-ZXES,GTEx,EUR,EUR,EUR,1.0,0.37
GTEX-ZXG5,GTEx,EUR,EUR,EUR,1.0,0.33
GTEX-ZY6K,GTEx,AFR,AFR,AFR,1.0,0.79
GTEX-ZYFC,GTEx,AFR,AFR,AFR,1.0,0.8
GTEX-ZYFD,GTEx,EUR,EUR,EUR,1.0,0.37
GTEX-ZYFG,GTEx,EUR,EUR,EUR,1.0,0.35
GTEX-ZYT6,GTEx,EUR,AFR,EUR,1.0,0.35
GTEX-ZYVF,GTEx,EUR,EUR,EUR,1.0,0.41
GTEX-ZYW4,GTEx,EAS,EAS,EAS,1.0,0.98
GTEX-ZYY3,GTEx,EUR,EUR,EUR,1.0,0.41
GTEX-ZZ64,GTEx,EUR,EUR,EUR,1.0,0.39
GTEX-ZZPT,GTEx,EUR,EUR,EUR,1.0,0.36
GTEX-ZZPU,GTEx,EUR,EUR,EUR,1.0,0.46
A549,ENCODE,AMR,AMR,Uncertain,0.6000280061634576,0.28
Caki2,ENCODE,EUR,AMR,EUR,0.8001806387472781,0.4
GM23248,Unknown,EUR,SAS,EUR,0.8001009432628081,0.24
HepG2,ENCODE,AMR,EUR,AMR,1.0,0.3
K562,ENCODE,EUR,AMR,Uncertain,0.4000439072867849,0.38
NCI-H460,ENCODE,EUR,AMR,EUR,0.7996324266609613,0.33
Panc1,ENCODE,EUR,AMR,EUR,0.7998650036522947,0.29
